experiment,task,size_label,n_vars,seed,algorithm,profile,solution,cost,optimum,feasible,construction_s,solver_s,complete_local_s,cost_vector_bytes,evals,success_prob,classical_seed_s,delay_s,gap,staleness_loss,deadline_miss,utility,timing_evidence
clearaccept_hardness,channel,14,14,30000,task_specific,local,15636,6.845625193876185,6.845625193876185,True,0.005755707970820367,0.00010791700333356857,0.005863624974153936,147456,56,,,0.00010791700333356857,0.0,4.155520540785558e-06,False,-4.155520540785558e-06,measured_local
clearaccept_hardness,channel,14,14,30000,milp,local,747,6.845625193876185,6.845625193876185,True,0.005755707970820367,0.09576874994672835,0.10152445791754872,147456,13,,,0.09576874994672835,0.0,0.0036877321948875275,True,-2.0036877321948876,measured_local
clearaccept_hardness,channel,14,14,30000,qaoa_warm,nominal,15636,6.845625193876185,6.845625193876185,True,0.005755707970820367,0.0855883329641074,0.09134404093492776,147456,122,0.1314120479853307,0.00011133402585983276,9.7964,0.0,0.37722638850451373,True,-2.3772263885045137,modeled_qpu
clearaccept_hardness,channel,14,14,30001,task_specific,local,11596,5.078506392534443,3.5960360042721056,True,0.004054499906487763,0.00010862504132091999,0.004163124947808683,147456,56,,,0.00010862504132091999,0.322554128576093,7.74196424509736e-06,False,-0.3225618705403381,measured_local
clearaccept_hardness,channel,14,14,30001,milp,local,10088,3.5960360042721056,3.5960360042721056,True,0.004054499906487763,0.10231237497646362,0.10636687488295138,147456,13,,,0.10231237497646362,0.0,0.007292045547385451,False,-0.007292045547385451,measured_local
clearaccept_hardness,channel,14,14,30001,qaoa_warm,nominal,10088,3.5960360042721056,3.5960360042721056,True,0.004054499906487763,0.08275866601616144,0.0868131659226492,147456,119,0.0030769115946012544,0.00011533405631780624,9.5678,0.0,0.6819197912698678,True,-2.681919791269868,modeled_qpu
clearaccept_hardness,channel,14,14,30002,task_specific,local,6266,3.580016606556905,3.1475574408638494,True,0.0041893330635502934,0.00011712498962879181,0.004306458053179085,147456,56,,,0.00011712498962879181,0.10426839696835717,6.358462090629204e-06,False,-0.1042747554304478,measured_local
clearaccept_hardness,channel,14,14,30002,milp,local,10180,3.1475574408638494,3.1475574408638494,True,0.0041893330635502934,0.08297866699285805,0.08716800005640835,147456,7,,,0.08297866699285805,0.0,0.00450473216755217,False,-0.00450473216755217,measured_local
clearaccept_hardness,channel,14,14,30002,qaoa_warm,nominal,6203,3.1475574408638494,3.1475574408638494,True,0.0041893330635502934,0.08738662500400096,0.09157595806755126,147456,126,0.01730740067467645,0.0001251670764759183,10.1012,0.0,0.5483722771154473,True,-2.5483722771154476,modeled_qpu
clearaccept_hardness,channel,14,14,30003,task_specific,local,3449,4.749468555858133,4.749468555858133,True,0.004263333044946194,0.00011654209811240435,0.004379875143058598,147456,56,,,0.00011654209811240435,0.0,3.332033882959308e-06,False,-3.332033882959308e-06,measured_local
clearaccept_hardness,channel,14,14,30003,milp,local,12934,4.749468555858133,4.749468555858133,True,0.004263333044946194,0.09197829198092222,0.09624162502586842,147456,9,,,0.09197829198092222,0.0,0.002629734579529911,True,-2.00262973457953,measured_local
clearaccept_hardness,channel,14,14,30003,qaoa_warm,nominal,3449,4.749468555858133,4.749468555858133,True,0.004263333044946194,0.07959008298348635,0.08385341602843255,147456,116,0.10126357509263034,0.00011358398478478193,9.3392,0.0,0.26701536478020055,True,-2.2670153647802005,modeled_qpu
clearaccept_hardness,channel,14,14,30004,task_specific,local,7318,4.37598806812985,3.404241841988657,True,0.004123499966226518,0.00011454196646809578,0.004238041932694614,147456,56,,,0.00011454196646809578,0.220638707183804,7.723330428546856e-06,False,-0.22064643051423255,measured_local
clearaccept_hardness,channel,14,14,30004,milp,local,10573,3.404241841988657,3.404241841988657,True,0.004123499966226518,0.09445437497925013,0.09857787494547665,147456,7,,,0.09445437497925013,0.0,0.006368865236741078,False,-0.006368865236741078,measured_local
clearaccept_hardness,channel,14,14,30004,qaoa_warm,nominal,5810,3.404241841988657,3.404241841988657,True,0.004123499966226518,0.08371575002092868,0.0878392499871552,147456,119,0.002667688593879671,0.00011225009802728891,9.5678,0.0,0.6451371768166143,True,-2.6451371768166143,modeled_qpu
clearaccept_hardness,channel,14,14,30005,task_specific,local,15236,5.813397726392639,2.1313233902727458,True,0.004022333072498441,0.00011941592674702406,0.004141748999245465,147456,56,,,0.00011941592674702406,1.1758844032392244,1.663013775829122e-06,False,-1.1758860662530002,measured_local
clearaccept_hardness,channel,14,14,30005,milp,local,14532,2.1313233902727458,2.1313233902727458,True,0.004022333072498441,0.07222158403601497,0.07624391710851341,147456,5,,,0.07222158403601497,0.0,0.0010057744593694796,False,-0.0010057744593694796,measured_local
clearaccept_hardness,channel,14,14,30005,qaoa_warm,nominal,14532,2.1313233902727458,2.1313233902727458,True,0.004022333072498441,0.08021133404690772,0.08423366711940616,147456,116,0.012349542011286373,0.00011541706044226885,9.3392,0.0,0.13005985615407356,True,-2.1300598561540736,modeled_qpu
clearaccept_hardness,channel,14,14,30006,task_specific,local,12375,8.126079195472128,6.373418464243877,True,0.004161499906331301,0.00011216604616492987,0.004273665952496231,147456,56,,,0.00011216604616492987,0.23769988638614195,3.849239611361523e-06,False,-0.2377037356257533,measured_local
clearaccept_hardness,channel,14,14,30006,milp,local,5800,6.373418464243877,6.373418464243877,True,0.004161499906331301,0.08959129208233207,0.09375279198866338,147456,11,,,0.08959129208233207,0.0,0.00307453424728273,False,-0.00307453424728273,measured_local
clearaccept_hardness,channel,14,14,30006,qaoa_warm,nominal,10583,6.373418464243877,6.373418464243877,True,0.004161499906331301,0.08264695899561048,0.08680845890194178,147456,117,0.011115720549395752,0.0001152500044554472,9.4154,0.0,0.32311142164646295,True,-2.323111421646463,modeled_qpu
clearaccept_hardness,channel,14,14,30007,task_specific,local,11353,7.890830318765158,7.498003965387911,True,0.004089292022399604,0.00010916695464402437,0.004198458977043629,147456,56,,,0.00010916695464402437,0.04622572017819898,2.9888306133638223e-06,False,-0.046228709008812346,measured_local
clearaccept_hardness,channel,14,14,30007,milp,local,935,7.498003965387911,7.498003965387911,True,0.004089292022399604,0.10546912509016693,0.10955841711256653,147456,9,,,0.10546912509016693,0.0,0.0028875894803706927,False,-0.0028875894803706927,measured_local
clearaccept_hardness,channel,14,14,30007,qaoa_warm,nominal,15448,7.498003965387911,7.498003965387911,True,0.004089292022399604,0.08301270799711347,0.08710200001951307,147456,119,0.013287836435792373,0.00011575000826269388,9.5678,0.0,0.2619522879958593,True,-2.261952287995859,modeled_qpu
clearaccept_hardness,channel,14,14,30008,task_specific,local,11406,10.246801533885472,5.2360485715825735,True,0.004206957994028926,0.00010620907414704561,0.0043131670681759715,147456,56,,,0.00010620907414704561,0.8035141010826474,1.3583346894221431e-06,False,-0.8035154594173368,measured_local
clearaccept_hardness,channel,14,14,30008,milp,local,15764,5.2360485715825735,5.2360485715825735,True,0.004206957994028926,0.09580887504853308,0.10001583304256201,147456,7,,,0.09580887504853308,0.0,0.001225323914911033,False,-0.001225323914911033,measured_local
clearaccept_hardness,channel,14,14,30008,qaoa_warm,nominal,15764,5.2360485715825735,5.2360485715825735,True,0.004206957994028926,0.08871866599656641,0.09292562399059534,147456,126,0.0009734634942258623,0.0001302079763263464,10.1012,0.0,0.1291867994800011,True,-2.129186799480001,modeled_qpu
clearaccept_hardness,channel,14,14,30009,task_specific,local,5089,6.173080397776149,4.088888919674632,True,0.004095957963727415,0.0001077079214155674,0.004203665885142982,147456,56,,,0.0001077079214155674,0.4095572748785354,6.491880450441523e-06,False,-0.4095637667589858,measured_local
clearaccept_hardness,channel,14,14,30009,milp,local,10300,4.088888919674632,4.088888919674632,True,0.004095957963727415,0.09144895896315575,0.09554491692688316,147456,5,,,0.09144895896315575,0.0,0.005511903870241561,False,-0.005511903870241561,measured_local
clearaccept_hardness,channel,14,14,30009,qaoa_warm,nominal,6083,4.088888919674632,4.088888919674632,True,0.004095957963727415,0.08959866699296981,0.09369462495669723,147456,129,0.00634560163990987,0.00011008302681148052,10.3298,0.0,0.6226081219990794,True,-2.6226081219990793,modeled_qpu
clearaccept_hardness,channel,16,16,30000,task_specific,local,46529,7.138160161969563,5.373259603350116,True,0.024347000056877732,0.00013037503231316805,0.0244773750891909,589824,64,,,0.00013037503231316805,0.2769227473005688,9.669435912173242e-06,False,-0.276932416736481,measured_local
clearaccept_hardness,channel,16,16,30000,milp,local,7126,5.373259603350116,5.373259603350116,True,0.024347000056877732,0.11385487497318536,0.1382018750300631,589824,13,,,0.11385487497318536,0.0,0.008444196694020835,False,-0.008444196694020835,measured_local
clearaccept_hardness,channel,16,16,30000,qaoa_warm,nominal,58409,5.373259603350116,5.373259603350116,True,0.024347000056877732,0.32173862506169826,0.346085625118576,589824,128,0.0002376421094469072,0.00015108298975974321,10.2536,0.0,0.7604717430167466,True,-2.7604717430167467,modeled_qpu
clearaccept_hardness,channel,16,16,30001,task_specific,local,20829,6.289058904349509,6.135263874108104,True,0.020324916928075254,0.0001358340959995985,0.020460751024074852,589824,64,,,0.0001358340959995985,0.021554217609174087,1.8454481529393463e-06,False,-0.021556063057327025,measured_local
clearaccept_hardness,channel,16,16,30001,milp,local,17757,6.135263874108104,6.135263874108104,True,0.020324916928075254,0.1756035410799086,0.19592845800798386,589824,19,,,0.1756035410799086,0.0,0.0023857576269840516,False,-0.0023857576269840516,measured_local
clearaccept_hardness,channel,16,16,30001,qaoa_warm,nominal,17757,6.135263874108104,6.135263874108104,True,0.020324916928075254,0.3174522500485182,0.33777716697659343,589824,126,0.015453122342878092,0.00013008294627070427,10.1012,0.0,0.13723535865785882,True,-2.137235358657859,modeled_qpu
clearaccept_hardness,channel,16,16,30002,task_specific,local,30339,9.79252466651078,7.469645651216682,True,0.0173804999794811,0.0001337080029770732,0.017514207982458174,589824,64,,,0.0001337080029770732,0.27425929146875355,3.473427123380616e-06,False,-0.2742627648958769,measured_local
clearaccept_hardness,channel,16,16,30002,milp,local,44754,7.469645651216682,7.469645651216682,True,0.0173804999794811,0.18818787497002631,0.20556837494950742,589824,23,,,0.18818787497002631,0.0,0.004888689193303796,True,-2.004888689193304,measured_local
clearaccept_hardness,channel,16,16,30002,qaoa_warm,nominal,44752,7.541585924488165,7.469645651216682,True,0.0173804999794811,0.3088179170154035,0.3261984169948846,589824,122,0.0001329306963674522,0.0001474579330533743,9.7964,0.008493894105374772,0.2544879940905292,True,-2.262981888195904,modeled_qpu
clearaccept_hardness,channel,16,16,30003,task_specific,local,7323,3.9526352257884754,3.9526352257884754,True,0.017000666935928166,0.0001330419909209013,0.017133708926849067,589824,64,,,0.0001330419909209013,0.0,8.916295071612754e-06,False,-8.916295071612754e-06,measured_local
clearaccept_hardness,channel,16,16,30003,milp,local,7323,3.9526352257884754,3.9526352257884754,True,0.017000666935928166,0.14769804093521088,0.16469870787113905,589824,15,,,0.14769804093521088,0.0,0.009898523807122219,True,-2.0098985238071223,measured_local
clearaccept_hardness,channel,16,16,30003,qaoa_warm,nominal,7323,3.9526352257884754,3.9526352257884754,True,0.017000666935928166,0.30400770902633667,0.32100837596226484,589824,122,0.10311727028729821,0.00013295805547386408,9.7964,0.0,0.6565415357582763,True,-2.6565415357582762,modeled_qpu
clearaccept_hardness,channel,16,16,30004,task_specific,local,40042,7.002460068747054,5.58370330860317,True,0.017181041999720037,0.00012858293484896421,0.017309624934569,589824,64,,,0.00012858293484896421,0.21549524540237736,7.69686044954248e-06,False,-0.2155029422628269,measured_local
clearaccept_hardness,channel,16,16,30004,milp,local,50534,5.58370330860317,5.58370330860317,True,0.017181041999720037,0.14485783292911947,0.1620388749288395,589824,13,,,0.14485783292911947,0.0,0.00867106141563974,True,-2.00867106141564,measured_local
clearaccept_hardness,channel,16,16,30004,qaoa_warm,nominal,50534,5.58370330860317,5.58370330860317,True,0.017181041999720037,0.2912990840850398,0.30848012608475983,589824,116,0.00023969562952895346,0.00012920796871185303,9.3392,0.0,0.5590362297672052,True,-2.559036229767205,modeled_qpu
clearaccept_hardness,channel,16,16,30005,task_specific,local,49523,3.645049557116891,3.645049557116891,True,0.017206958029419184,0.0001323750475421548,0.01733933307696134,589824,64,,,0.0001323750475421548,0.0,2.9828266773405913e-06,False,-2.9828266773405913e-06,measured_local
clearaccept_hardness,channel,16,16,30005,milp,local,16012,3.645049557116891,3.645049557116891,True,0.017206958029419184,0.12167704198509455,0.13888400001451373,589824,11,,,0.12167704198509455,0.0,0.002741766923539367,True,-2.0027417669235392,measured_local
clearaccept_hardness,channel,16,16,30005,qaoa_warm,nominal,49523,3.645049557116891,3.645049557116891,True,0.017206958029419184,0.28889408404938877,0.30610104207880795,589824,117,0.0765029684024402,0.00012741691898554564,9.4154,0.0,0.2121586116060816,True,-2.2121586116060814,modeled_qpu
clearaccept_hardness,channel,16,16,30006,task_specific,local,5918,10.64276202491094,7.469225449614333,True,0.01708691706880927,0.0001295830588787794,0.01721650012768805,589824,64,,,0.0001295830588787794,0.3747139091026467,6.006587655528227e-06,False,-0.3747199156903022,measured_local
clearaccept_hardness,channel,16,16,30006,milp,local,51287,7.469225449614333,7.469225449614333,True,0.01708691706880927,0.1413786249468103,0.15846554201561958,589824,13,,,0.1413786249468103,0.0,0.006553349725718905,False,-0.006553349725718905,measured_local
clearaccept_hardness,channel,16,16,30006,qaoa_warm,nominal,14220,7.98003663064083,7.469225449614333,True,0.01708691706880927,0.315450832946226,0.33253775001503527,589824,124,0.0004619962212030697,0.000136125017888844,9.9488,0.06031380131104649,0.46115857878629907,True,-2.5214723800973458,modeled_qpu
clearaccept_hardness,channel,16,16,30007,task_specific,local,52282,10.655221412261472,8.610571420461685,True,0.017201207927428186,0.0001788749359548092,0.017380082863382995,589824,64,,,0.0001788749359548092,0.21275009594607053,1.8294185879594177e-06,False,-0.21275192536465848,measured_local
clearaccept_hardness,channel,16,16,30007,milp,local,55626,8.610571420461685,8.610571420461685,True,0.017201207927428186,0.13362554099876434,0.15082674892619252,589824,15,,,0.13362554099876434,0.0,0.001366636679557119,True,-2.001366636679557,measured_local
clearaccept_hardness,channel,16,16,30007,qaoa_warm,nominal,56394,8.653245924918558,8.610571420461685,True,0.017201207927428186,0.31208795798011124,0.3292891659075394,589824,125,0.00027573480625118964,0.00013625004794448614,10.025,0.004440371190209889,0.10252929649644456,True,-2.1069696676866543,modeled_qpu
clearaccept_hardness,channel,16,16,30008,task_specific,local,54000,9.790933118923508,5.9239163159354575,True,0.01726862497162074,0.00013562501408159733,0.017404249985702336,589824,64,,,0.00013562501408159733,0.5585013779106596,5.126004808384166e-06,False,-0.558506503915468,measured_local
clearaccept_hardness,channel,16,16,30008,milp,local,25846,5.9239163159354575,5.9239163159354575,True,0.01726862497162074,0.15458587498869747,0.1718544999603182,589824,13,,,0.15458587498869747,0.0,0.005842638571256428,False,-0.005842638571256428,measured_local
clearaccept_hardness,channel,16,16,30008,qaoa_warm,nominal,39480,6.208795947886212,5.9239163159354575,True,0.01726862497162074,0.31700512499082834,0.3342737499624491,589824,123,0.00013627061513656787,0.0001312500098720193,9.8726,0.04114429160489721,0.3731390954238454,True,-2.4142833870287426,modeled_qpu
clearaccept_hardness,channel,16,16,30009,task_specific,local,37226,4.00445632278077,1.6509257157749853,True,0.017217291984707117,0.00013945798855274916,0.017356749973259866,589824,64,,,0.00013945798855274916,0.887814620002561,9.746009233437238e-06,False,-0.8878243660117944,measured_local
clearaccept_hardness,channel,16,16,30009,milp,local,6963,1.6509257157749853,1.6509257157749853,True,0.017217291984707117,0.10416683403309435,0.12138412601780146,589824,9,,,0.10416683403309435,0.0,0.0072796900115941685,False,-0.0072796900115941685,measured_local
clearaccept_hardness,channel,16,16,30009,qaoa_warm,nominal,4986,2.4140555863077724,1.6509257157749853,True,0.017217291984707117,0.3064371249638498,0.3236544169485569,589824,122,0.0001888455268206937,0.00013745902106165886,9.7964,0.2878729743317948,0.684620550212019,True,-2.9724935245438138,modeled_qpu
clearaccept_hardness,placement,14,14,30000,task_specific,local,1032,0.7468991453534848,0.7468991453534848,True,0.0028492920100688934,6.395799573510885e-05,0.0029132500058040023,147456,56,,,6.395799573510885e-05,0.0,6.8158011914483386e-06,False,-6.8158011914483386e-06,measured_local
clearaccept_hardness,placement,14,14,30000,milp,local,1032,0.7468991453534848,0.7468991453534848,True,0.0028492920100688934,0.005737249972298741,0.008586541982367635,147456,1,,,0.005737249972298741,0.0,0.0006114005723191407,False,-0.0006114005723191407,measured_local
clearaccept_hardness,placement,14,14,30000,qaoa_warm,nominal,1032,0.7468991453534848,0.7468991453534848,True,0.0028492920100688934,0.08786729094572365,0.09071658295579255,147456,126,0.125163228585675,6.500002928078175e-05,10.1012,0.0,1.0764529157574108,True,-3.076452915757411,modeled_qpu
clearaccept_hardness,placement,14,14,30001,task_specific,local,2064,1.2045710581949836,1.2045710581949836,True,0.0027950420044362545,6.29170099273324e-05,0.002857959014363587,147456,56,,,6.29170099273324e-05,0.0,4.3187543141727305e-06,False,-4.3187543141727305e-06,measured_local
clearaccept_hardness,placement,14,14,30001,milp,local,2064,1.2045710581949836,1.2045710581949836,True,0.0027950420044362545,0.004645416978746653,0.007440458983182907,147456,0,,,0.004645416978746653,0.0,0.0003188710754256274,False,-0.0003188710754256274,measured_local
clearaccept_hardness,placement,14,14,30001,qaoa_warm,nominal,2064,1.2045710581949836,1.2045710581949836,True,0.0027950420044362545,0.08869954198598862,0.09149458399042487,147456,127,0.12640212871503934,5.949998740106821e-05,10.1774,0.0,0.6985978864511677,True,-2.698597886451168,modeled_qpu
clearaccept_hardness,placement,14,14,30002,task_specific,local,272,1.8349108368305482,1.8349108368305482,True,0.002869916963391006,6.595801096409559e-05,0.0029358749743551016,147456,56,,,6.595801096409559e-05,0.0,6.312889012180778e-06,False,-6.312889012180778e-06,measured_local
clearaccept_hardness,placement,14,14,30002,milp,local,272,1.8349108368305482,1.8349108368305482,True,0.002869916963391006,0.004392458009533584,0.00726237497292459,147456,1,,,0.004392458009533584,0.0,0.00042040533817710817,False,-0.00042040533817710817,measured_local
clearaccept_hardness,placement,14,14,30002,qaoa_warm,nominal,272,1.8349108368305482,1.8349108368305482,True,0.002869916963391006,0.08525624999310821,0.08812616695649922,147456,121,0.08267058963983427,5.9165991842746735e-05,9.7202,0.0,0.9303273837290583,True,-2.9303273837290584,modeled_qpu
clearaccept_hardness,placement,14,14,30003,task_specific,local,129,0.8705100221990362,0.8705100221990362,True,0.0027018749387934804,5.891697946935892e-05,0.0027607919182628393,147456,56,,,5.891697946935892e-05,0.0,6.925333268912315e-06,False,-6.925333268912315e-06,measured_local
clearaccept_hardness,placement,14,14,30003,milp,local,129,0.8705100221990362,0.8705100221990362,True,0.0027018749387934804,0.003588207997381687,0.0062900829361751676,147456,1,,,0.003588207997381687,0.0,0.0004217720671333496,False,-0.0004217720671333496,measured_local
clearaccept_hardness,placement,14,14,30003,qaoa_warm,nominal,129,0.8705100221990362,0.8705100221990362,True,0.0027018749387934804,0.08910083398222923,0.09180270892102271,147456,127,0.08329076740351972,5.76250022277236e-05,10.1774,0.0,1.1962915859881083,True,-3.1962915859881083,modeled_qpu
clearaccept_hardness,placement,14,14,30004,task_specific,local,4128,1.2987903830180083,1.2987903830180083,True,0.0028441670583561063,6.587500683963299e-05,0.0029100420651957393,147456,56,,,6.587500683963299e-05,0.0,3.422914692126319e-06,False,-3.422914692126319e-06,measured_local
clearaccept_hardness,placement,14,14,30004,milp,local,4128,1.2987903830180083,1.2987903830180083,True,0.0028441670583561063,0.004509916994720697,0.007354084053076804,147456,0,,,0.004509916994720697,0.0,0.00023433866472423814,False,-0.00023433866472423814,measured_local
clearaccept_hardness,placement,14,14,30004,qaoa_warm,nominal,4128,1.2987903830180083,1.2987903830180083,True,0.0028441670583561063,0.08771633298601955,0.09056050004437566,147456,126,0.1273813207387064,5.7415920309722424e-05,10.1012,0.0,0.5248659172404726,True,-2.5248659172404726,modeled_qpu
clearaccept_hardness,placement,14,14,30005,task_specific,local,129,1.461072039701183,1.461072039701183,True,0.002839582972228527,6.341596599668264e-05,0.0029029989382252097,147456,56,,,6.341596599668264e-05,0.0,3.6126078973876646e-06,False,-3.6126078973876646e-06,measured_local
clearaccept_hardness,placement,14,14,30005,milp,local,129,1.461072039701183,1.461072039701183,True,0.002839582972228527,0.004017374943941832,0.006856957916170359,147456,0,,,0.004017374943941832,0.0,0.00022885720056698008,False,-0.00022885720056698008,measured_local
clearaccept_hardness,placement,14,14,30005,qaoa_warm,nominal,129,1.461072039701183,1.461072039701183,True,0.002839582972228527,0.08990641706623137,0.0927460000384599,147456,128,0.12561249813088013,6.641598884016275e-05,10.2536,0.0,0.5841153052622723,True,-2.584115305262272,modeled_qpu
clearaccept_hardness,placement,14,14,30006,task_specific,local,4104,1.4567655216587814,1.4567655216587814,True,0.002768583013676107,6.191595457494259e-05,0.0028304989682510495,147456,56,,,6.191595457494259e-05,0.0,7.315950729003988e-06,False,-7.315950729003988e-06,measured_local
clearaccept_hardness,placement,14,14,30006,milp,local,4104,1.4567655216587814,1.4567655216587814,True,0.002768583013676107,0.004994874936528504,0.007763457950204611,147456,0,,,0.004994874936528504,0.0,0.0005901913195725504,False,-0.0005901913195725504,measured_local
clearaccept_hardness,placement,14,14,30006,qaoa_warm,nominal,4104,1.4567655216587814,1.4567655216587814,True,0.002768583013676107,0.08665999991353601,0.08942858292721212,147456,124,0.08827328198364039,6.275007035583258e-05,9.9488,0.0,1.1755440275836588,True,-3.175544027583659,modeled_qpu
clearaccept_hardness,placement,14,14,30007,task_specific,local,129,1.8950195624322819,1.8950195624322819,True,0.002899250015616417,7.391709368675947e-05,0.0029731671093031764,147456,56,,,7.391709368675947e-05,0.0,8.863577551092549e-06,False,-8.863577551092549e-06,measured_local
clearaccept_hardness,placement,14,14,30007,milp,local,129,1.8950195624322819,1.8950195624322819,True,0.002899250015616417,0.004459374933503568,0.007358624949119985,147456,0,,,0.004459374933503568,0.0,0.0005347344380179171,False,-0.0005347344380179171,measured_local
clearaccept_hardness,placement,14,14,30007,qaoa_warm,nominal,129,1.8950195624322819,1.8950195624322819,True,0.002899250015616417,0.08918070793151855,0.09207995794713497,147456,129,0.13090897738966417,6.0125021263957024e-05,10.3298,0.0,1.238671311608623,True,-3.238671311608623,modeled_qpu
clearaccept_hardness,placement,14,14,30008,task_specific,local,129,0.5065907356116459,0.5065907356116459,True,0.004643333028070629,8.78750579431653e-05,0.004731208086013794,147456,56,,,8.78750579431653e-05,0.0,7.334807112886815e-06,False,-7.334807112886815e-06,measured_local
clearaccept_hardness,placement,14,14,30008,milp,local,129,0.5065907356116459,0.5065907356116459,True,0.004643333028070629,0.005148082971572876,0.009791415999643505,147456,1,,,0.005148082971572876,0.0,0.0004297032227511733,False,-0.0004297032227511733,measured_local
clearaccept_hardness,placement,14,14,30008,qaoa_warm,nominal,129,0.5065907356116459,0.5065907356116459,True,0.004643333028070629,0.09041250008158386,0.09505583310965449,147456,127,0.08187885860651473,9.012501686811447e-05,10.1774,0.0,0.8494932197822841,True,-2.849493219782284,modeled_qpu
clearaccept_hardness,placement,14,14,30009,task_specific,local,129,1.0651504988297953,1.0651504988297953,True,0.0028225830756127834,6.53750030323863e-05,0.0028879580786451697,147456,56,,,6.53750030323863e-05,0.0,4.016772947251222e-06,False,-4.016772947251222e-06,measured_local
clearaccept_hardness,placement,14,14,30009,milp,local,129,1.0651504988297953,1.0651504988297953,True,0.0028225830756127834,0.004731292021460831,0.007553875097073615,147456,0,,,0.004731292021460831,0.0,0.000290700189917157,False,-0.000290700189917157,measured_local
clearaccept_hardness,placement,14,14,30009,qaoa_warm,nominal,129,1.0651504988297953,1.0651504988297953,True,0.0028225830756127834,0.08732616691850126,0.09014874999411404,147456,127,0.12595601570799428,6.0416990891098976e-05,10.1774,0.0,0.6253201238568629,True,-2.625320123856863,modeled_qpu
clearaccept_hardness,placement,16,16,30000,task_specific,local,34833,3.82051463888338,3.82051463888338,True,0.013285625027492642,0.00022191694006323814,0.01350754196755588,589824,212,,,0.00022191694006323814,0.0,1.7254506879583334e-05,False,-1.7254506879583334e-05,measured_local
clearaccept_hardness,placement,16,16,30000,milp,local,34833,3.82051463888338,3.82051463888338,True,0.013285625027492642,0.006463708006776869,0.01974933303426951,589824,1,,,0.006463708006776869,0.0,0.0005025668353158077,False,-0.0005025668353158077,measured_local
clearaccept_hardness,placement,16,16,30000,qaoa_warm,nominal,34833,3.82051463888338,3.82051463888338,True,0.013285625027492642,0.3162582499207929,0.3295438749482855,589824,126,0.05352246689744471,0.00021275004837661982,10.1012,0.0,0.7853894562640445,True,-2.7853894562640447,modeled_qpu
clearaccept_hardness,placement,16,16,30001,task_specific,local,17473,3.6099364575686077,3.6099364575686077,True,0.012632708065211773,0.00021029205527156591,0.012843000120483339,589824,208,,,0.00021029205527156591,0.0,8.614908225601687e-06,False,-8.614908225601687e-06,measured_local
clearaccept_hardness,placement,16,16,30001,milp,local,17473,3.6099364575686077,3.6099364575686077,True,0.012632708065211773,0.008057583007030189,0.020690291072241962,589824,0,,,0.008057583007030189,0.0,0.00033009015978321916,False,-0.00033009015978321916,measured_local
clearaccept_hardness,placement,16,16,30001,qaoa_warm,nominal,17473,3.6099364575686077,3.6099364575686077,True,0.012632708065211773,0.3103927499614656,0.32302545802667737,589824,125,0.05439147092343222,0.00019658298697322607,10.025,0.0,0.4106881491558395,True,-2.4106881491558396,modeled_qpu
clearaccept_hardness,placement,16,16,30002,task_specific,local,4372,4.284871756535545,4.284871756535545,True,0.012545250006951392,0.0001972500467672944,0.012742500053718686,589824,200,,,0.0001972500467672944,0.0,9.402421625309335e-06,False,-9.402421625309335e-06,measured_local
clearaccept_hardness,placement,16,16,30002,milp,local,4372,4.284871756535545,4.284871756535545,True,0.012545250006951392,0.005881624994799495,0.018426875001750886,589824,0,,,0.005881624994799495,0.0,0.0002803625091572455,False,-0.0002803625091572455,measured_local
clearaccept_hardness,placement,16,16,30002,qaoa_warm,nominal,4372,4.284871756535545,4.284871756535545,True,0.012545250006951392,0.28671620902605355,0.29926145903300494,589824,115,0.02858531227406997,0.0001740830484777689,9.263,0.0,0.4415442882910451,True,-2.441544288291045,modeled_qpu
clearaccept_hardness,placement,16,16,30003,task_specific,local,4369,3.2493424663932657,3.2493424663932657,True,0.012660583015531301,0.00019579194486141205,0.012856374960392714,589824,200,,,0.00019579194486141205,0.0,1.790875628091613e-05,False,-1.790875628091613e-05,measured_local
clearaccept_hardness,placement,16,16,30003,milp,local,4369,3.2493424663932657,3.2493424663932657,True,0.012660583015531301,0.006108500063419342,0.018769083078950644,589824,0,,,0.006108500063419342,0.0,0.000558734114190303,False,-0.000558734114190303,measured_local
clearaccept_hardness,placement,16,16,30003,qaoa_warm,nominal,4369,3.2493424663932657,3.2493424663932657,True,0.012660583015531301,0.3089153750333935,0.3215759580489248,589824,123,0.020812583435103477,0.00018270791042596102,9.8726,0.0,0.9030299350880939,True,-2.903029935088094,modeled_qpu
clearaccept_hardness,placement,16,16,30004,task_specific,local,4369,2.149277866739884,2.149277866739884,True,0.012686874950304627,0.0001991660101339221,0.01288604096043855,589824,212,,,0.0001991660101339221,0.0,5.6661430081573635e-06,False,-5.6661430081573635e-06,measured_local
clearaccept_hardness,placement,16,16,30004,milp,local,4369,2.149277866739884,2.149277866739884,True,0.012686874950304627,0.005757917067967355,0.018444792018271983,589824,0,,,0.005757917067967355,0.0,0.0001638089828393687,False,-0.0001638089828393687,measured_local
clearaccept_hardness,placement,16,16,30004,qaoa_warm,nominal,4369,2.149277866739884,2.149277866739884,True,0.012686874950304627,0.2996941249584779,0.31238099990878254,589824,117,0.02325099018753147,0.00019212509505450726,9.4154,0.0,0.26786198530126804,True,-2.267861985301268,modeled_qpu
clearaccept_hardness,placement,16,16,30005,task_specific,local,4369,3.2271879418021148,3.2271879418021148,True,0.012608374934643507,0.00017916690558195114,0.012787541840225458,589824,200,,,0.00017916690558195114,0.0,8.707388013371738e-06,False,-8.707388013371738e-06,measured_local
clearaccept_hardness,placement,16,16,30005,milp,local,4369,3.2271879418021148,3.2271879418021148,True,0.012608374934643507,0.005937250098213553,0.01854562503285706,589824,0,,,0.005937250098213553,0.0,0.0002885462589737488,False,-0.0002885462589737488,measured_local
clearaccept_hardness,placement,16,16,30005,qaoa_warm,nominal,4369,3.2271879418021148,3.2271879418021148,True,0.012608374934643507,0.30285550002008677,0.3154638749547303,589824,121,0.025561050510962396,0.00017616606783121824,9.7202,0.0,0.47239501454057686,True,-2.472395014540577,modeled_qpu
clearaccept_hardness,placement,16,16,30006,task_specific,local,4369,3.743642386188231,3.743642386188231,True,0.012499958975240588,0.00020029197912663221,0.01270025095436722,589824,200,,,0.00020029197912663221,0.0,1.313987671306813e-05,False,-1.313987671306813e-05,measured_local
clearaccept_hardness,placement,16,16,30006,milp,local,4369,3.743642386188231,3.743642386188231,True,0.012499958975240588,0.00596145901363343,0.018461417988874018,589824,0,,,0.00596145901363343,0.0,0.0003910932270514288,False,-0.0003910932270514288,measured_local
clearaccept_hardness,placement,16,16,30006,qaoa_warm,nominal,4369,3.743642386188231,3.743642386188231,True,0.012499958975240588,0.30450575007125735,0.31700570904649794,589824,122,0.02249488562294275,0.00018024991732090712,9.7964,0.0,0.6426791966068534,True,-2.6426791966068532,modeled_qpu
clearaccept_hardness,placement,16,16,30007,task_specific,local,4369,4.102018233923362,4.102018233923362,True,0.012551791965961456,0.00021191698033362627,0.012763708946295083,589824,204,,,0.00021191698033362627,0.0,2.3018734493635474e-05,False,-2.3018734493635474e-05,measured_local
clearaccept_hardness,placement,16,16,30007,milp,local,4369,4.102018233923362,4.102018233923362,True,0.012551791965961456,0.005679416004568338,0.018231207970529795,589824,0,,,0.005679416004568338,0.0,0.0006169065304830521,False,-0.0006169065304830521,measured_local
clearaccept_hardness,placement,16,16,30007,qaoa_warm,nominal,4369,4.102018233923362,4.102018233923362,True,0.012551791965961456,0.31864175002556294,0.3311935419915244,589824,127,0.052318660668316024,0.00020520808175206184,10.1774,0.0,1.1054841762406538,True,-3.1054841762406538,modeled_qpu
clearaccept_hardness,placement,16,16,30008,task_specific,local,4369,1.404990037701564,1.404990037701564,True,0.012665582937188447,0.0002194159897044301,0.012884998926892877,589824,200,,,0.0002194159897044301,0.0,1.0650972308357002e-05,False,-1.0650972308357002e-05,measured_local
clearaccept_hardness,placement,16,16,30008,milp,local,4369,1.404990037701564,1.404990037701564,True,0.012665582937188447,0.0054793329909443855,0.018144915928132832,589824,1,,,0.0054793329909443855,0.0,0.0002659798132006297,False,-0.0002659798132006297,measured_local
clearaccept_hardness,placement,16,16,30008,qaoa_warm,nominal,4369,1.404990037701564,1.404990037701564,True,0.012665582937188447,0.2922857920639217,0.30495137500111014,589824,118,0.02015177022687338,0.00018620898481458426,9.4916,0.0,0.460744765676301,True,-2.460744765676301,modeled_qpu
clearaccept_hardness,placement,16,16,30009,task_specific,local,4369,2.2228116419486907,2.2228116419486907,True,0.01275787502527237,0.0002192918909713626,0.012977166916243732,589824,212,,,0.0002192918909713626,0.0,8.423351627001142e-06,False,-8.423351627001142e-06,measured_local
clearaccept_hardness,placement,16,16,30009,milp,local,4369,2.2228116419486907,2.2228116419486907,True,0.01275787502527237,0.00577412499114871,0.01853200001642108,589824,0,,,0.00577412499114871,0.0,0.00022179335917647786,False,-0.00022179335917647786,measured_local
clearaccept_hardness,placement,16,16,30009,qaoa_warm,nominal,4369,2.2228116419486907,2.2228116419486907,True,0.01275787502527237,0.30737920803949237,0.32013708306476474,589824,123,0.05792626252200423,0.00019479100592434406,9.8726,0.0,0.3792223273937267,True,-2.3792223273937267,modeled_qpu
clearaccept_hardness,routing,14,14,30000,task_specific,local,258,3.630188751209454,3.630188751209454,True,0.003922667005099356,0.0001295000547543168,0.004052167059853673,147456,56,,,0.0001295000547543168,0.0,9.486020119375187e-06,False,-9.486020119375187e-06,measured_local
clearaccept_hardness,routing,14,14,30000,milp,local,258,3.630188751209454,3.630188751209454,True,0.003922667005099356,0.0006234159227460623,0.0045460829278454185,147456,0,,,0.0006234159227460623,0.0,4.56658956409504e-05,False,-4.56658956409504e-05,measured_local
clearaccept_hardness,routing,14,14,30000,qaoa_warm,nominal,258,3.630188751209454,3.630188751209454,True,0.003922667005099356,0.08878125005867332,0.09270391706377268,147456,127,0.08668245993254259,0.00010812492109835148,10.1774,0.0,0.7455056397164251,True,-2.7455056397164253,modeled_qpu
clearaccept_hardness,routing,14,14,30001,task_specific,local,130,5.314713712547138,5.314713712547138,True,0.003909708932042122,0.0001236249227076769,0.004033333854749799,147456,56,,,0.0001236249227076769,0.0,1.5807843786006875e-05,False,-1.5807843786006875e-05,measured_local
clearaccept_hardness,routing,14,14,30001,milp,local,130,5.314713712547138,5.314713712547138,True,0.003909708932042122,0.0005838749930262566,0.0044935839250683784,147456,0,,,0.0005838749930262566,0.0,7.465974075583195e-05,False,-7.465974075583195e-05,measured_local
clearaccept_hardness,routing,14,14,30001,qaoa_warm,nominal,130,5.314713712547138,5.314713712547138,True,0.003909708932042122,0.08828404091764241,0.09219374984968454,147456,127,0.08500617074630155,0.00011066708248108625,10.1774,0.0,1.301377957000865,True,-3.301377957000865,modeled_qpu
clearaccept_hardness,routing,14,14,30002,task_specific,local,136,3.7986054777929743,3.7986054777929743,True,0.0037982079666107893,0.00012079102452844381,0.003918998991139233,147456,56,,,0.00012079102452844381,0.0,1.5413762794106365e-05,False,-1.5413762794106365e-05,measured_local
clearaccept_hardness,routing,14,14,30002,milp,local,136,3.7986054777929743,3.7986054777929743,True,0.0037982079666107893,0.004108375054784119,0.007906583021394908,147456,1,,,0.004108375054784119,0.0,0.0005242568213232954,False,-0.0005242568213232954,measured_local
clearaccept_hardness,routing,14,14,30002,qaoa_warm,nominal,136,3.7986054777929743,3.7986054777929743,True,0.0037982079666107893,0.08986566599924117,0.09366387396585196,147456,128,0.10167100677982739,0.00012179103214293718,10.2536,0.0,1.3084296519766028,True,-3.3084296519766028,modeled_qpu
clearaccept_hardness,routing,14,14,30003,task_specific,local,4112,2.904363873413099,2.904363873413099,True,0.003782792016863823,0.00012824998702853918,0.003911042003892362,147456,56,,,0.00012824998702853918,0.0,4.38191430915647e-06,False,-4.38191430915647e-06,measured_local
clearaccept_hardness,routing,14,14,30003,milp,local,4112,2.904363873413099,2.904363873413099,True,0.003782792016863823,0.0006044580368325114,0.004387250053696334,147456,0,,,0.0006044580368325114,0.0,2.0652503616172726e-05,False,-2.0652503616172726e-05,measured_local
clearaccept_hardness,routing,14,14,30003,qaoa_warm,nominal,4112,2.904363873413099,2.904363873413099,True,0.003782792016863823,0.0890623340383172,0.09284512605518103,147456,128,0.07486138436351508,0.00010941608343273401,10.2536,0.0,0.35033451153775574,True,-2.350334511537756,modeled_qpu
clearaccept_hardness,routing,14,14,30004,task_specific,local,8194,3.1238045909410936,3.1238045909410936,True,0.003983207978308201,0.0001269590575248003,0.004110167035833001,147456,56,,,0.0001269590575248003,0.0,1.1346860879429915e-05,False,-1.1346860879429915e-05,measured_local
clearaccept_hardness,routing,14,14,30004,milp,local,8194,3.1238045909410936,3.1238045909410936,True,0.003983207978308201,0.0006562080234289169,0.004639416001737118,147456,0,,,0.0006562080234289169,0.0,5.864804996964566e-05,False,-5.864804996964566e-05,measured_local
clearaccept_hardness,routing,14,14,30004,qaoa_warm,nominal,8194,3.1238045909410936,3.1238045909410936,True,0.003983207978308201,0.08834741706959903,0.09233062504790723,147456,128,0.09161542651879027,0.00010950001887977123,10.2536,0.0,0.916407029018748,True,-2.916407029018748,modeled_qpu
clearaccept_hardness,routing,14,14,30005,task_specific,local,4104,3.0934972451016884,3.0934972451016884,True,0.003903666976839304,0.00012020894791930914,0.004023875924758613,147456,56,,,0.00012020894791930914,0.0,9.770956053810477e-06,False,-9.770956053810477e-06,measured_local
clearaccept_hardness,routing,14,14,30005,milp,local,4104,3.0934972451016884,3.0934972451016884,True,0.003903666976839304,0.0013097079936414957,0.0052133749704808,147456,1,,,0.0013097079936414957,0.0,0.00010645712711657259,False,-0.00010645712711657259,measured_local
clearaccept_hardness,routing,14,14,30005,qaoa_warm,nominal,4104,3.0934972451016884,3.0934972451016884,True,0.003903666976839304,0.08912837505340576,0.09303204203024507,147456,128,0.08740943337215415,0.00012304098345339298,10.2536,0.0,0.8334444043267266,True,-2.833444404326727,modeled_qpu
clearaccept_hardness,routing,14,14,30006,task_specific,local,2049,2.5908152365117223,2.5908152365117223,True,0.00383375003002584,0.00012158299796283245,0.003955333027988672,147456,56,,,0.00012158299796283245,0.0,1.183891435399904e-05,False,-1.183891435399904e-05,measured_local
clearaccept_hardness,routing,14,14,30006,milp,local,2049,2.5908152365117223,2.5908152365117223,True,0.00383375003002584,0.0005898330127820373,0.004423583042807877,147456,0,,,0.0005898330127820373,0.0,5.7433873473184445e-05,False,-5.7433873473184445e-05,measured_local
clearaccept_hardness,routing,14,14,30006,qaoa_warm,nominal,2049,2.5908152365117223,2.5908152365117223,True,0.00383375003002584,0.08669141703285277,0.09052516706287861,147456,126,0.07515373908332197,0.00010833295527845621,10.1012,0.0,0.9835852354057972,True,-2.9835852354057972,modeled_qpu
clearaccept_hardness,routing,14,14,30007,task_specific,local,144,4.249826755190509,4.249826755190509,True,0.003853917005471885,0.00011108303442597389,0.003965000039897859,147456,56,,,0.00011108303442597389,0.0,1.1246674350685337e-05,False,-1.1246674350685337e-05,measured_local
clearaccept_hardness,routing,14,14,30007,milp,local,144,4.249826755190509,4.249826755190509,True,0.003853917005471885,0.0005943329306319356,0.004448249936103821,147456,0,,,0.0005943329306319356,0.0,6.0173625623814386e-05,False,-6.0173625623814386e-05,measured_local
clearaccept_hardness,routing,14,14,30007,qaoa_warm,nominal,144,4.249826755190509,4.249826755190509,True,0.003853917005471885,0.08771162503398955,0.09156554203946143,147456,125,0.09557364587545535,0.0001052080187946558,10.025,0.0,1.0149876706938188,True,-3.014987670693819,modeled_qpu
clearaccept_hardness,routing,14,14,30008,task_specific,local,260,3.497913563157322,3.497913563157322,True,0.0040036250138655305,0.00013045803643763065,0.004134083050303161,147456,56,,,0.00013045803643763065,0.0,8.312171407333093e-06,False,-8.312171407333093e-06,measured_local
clearaccept_hardness,routing,14,14,30008,milp,local,260,3.497913563157322,3.497913563157322,True,0.0040036250138655305,0.0006428749766200781,0.004646499990485609,147456,0,,,0.0006428749766200781,0.0,4.096096449915565e-05,False,-4.096096449915565e-05,measured_local
clearaccept_hardness,routing,14,14,30008,qaoa_warm,nominal,260,3.497913563157322,3.497913563157322,True,0.0040036250138655305,0.08909566700458527,0.0930992920184508,147456,128,0.08927727506139324,0.00011220795568078756,10.2536,0.0,0.6533110804789493,True,-2.6533110804789493,modeled_qpu
clearaccept_hardness,routing,14,14,30009,task_specific,local,4097,3.4269389438110025,3.4269389438110025,True,0.003888749983161688,0.00011837494093924761,0.0040071249241009355,147456,56,,,0.00011837494093924761,0.0,1.4066514815078052e-05,False,-1.4066514815078052e-05,measured_local
clearaccept_hardness,routing,14,14,30009,milp,local,4097,3.4269389438110025,3.4269389438110025,True,0.003888749983161688,0.0005990420468151569,0.004487792029976845,147456,0,,,0.0005990420468151569,0.0,7.118427058565291e-05,False,-7.118427058565291e-05,measured_local
clearaccept_hardness,routing,14,14,30009,qaoa_warm,nominal,4097,3.4269389438110025,3.4269389438110025,True,0.003888749983161688,0.08587499998975545,0.08976374997291714,147456,124,0.06471335353717925,0.00011037499643862247,9.9488,0.0,1.1822176339168868,True,-3.1822176339168866,modeled_qpu
clearaccept_hardness,routing,16,16,30000,task_specific,local,4674,13.074467207895033,13.074467207895033,True,0.020998500054702163,0.00015729200094938278,0.021155792055651546,589824,68,,,0.00015729200094938278,0.0,5.3982821089149255e-06,False,-5.3982821089149255e-06,measured_local
clearaccept_hardness,routing,16,16,30000,milp,local,4674,13.074467207895033,13.074467207895033,True,0.020998500054702163,0.000664166989736259,0.02166266704443842,589824,0,,,0.000664166989736259,0.0,2.2794298224859594e-05,False,-2.2794298224859594e-05,measured_local
clearaccept_hardness,routing,16,16,30000,qaoa_warm,nominal,4674,13.074467207895033,13.074467207895033,True,0.020998500054702163,0.31753845897037536,0.3385369590250775,589824,127,0.057740411842355614,0.00013287493493407965,10.1774,0.0,0.34928970325039504,True,-2.349289703250395,modeled_qpu
clearaccept_hardness,routing,16,16,30001,task_specific,local,33153,10.523761271781861,10.523761271781861,True,0.020235665957443416,0.00022375001572072506,0.02045941597316414,589824,92,,,0.00022375001572072506,0.0,1.3070215756957434e-05,False,-1.3070215756957434e-05,measured_local
clearaccept_hardness,routing,16,16,30001,milp,local,33153,10.523761271781861,10.523761271781861,True,0.020235665957443416,0.0007759169675409794,0.021011582924984396,589824,0,,,0.0007759169675409794,0.0,4.532469927467085e-05,False,-4.532469927467085e-05,measured_local
clearaccept_hardness,routing,16,16,30001,qaoa_warm,nominal,33153,10.523761271781861,10.523761271781861,True,0.020235665957443416,0.3380158750806004,0.3582515410380438,589824,128,0.04558388155173703,0.00019270891789346933,10.2536,0.0,0.5989575636625322,True,-2.598957563662532,modeled_qpu
clearaccept_hardness,routing,16,16,30002,task_specific,local,5144,10.219206574816786,10.219206574816786,True,0.020133084035478532,0.0003507499350234866,0.02048383397050202,589824,168,,,0.0003507499350234866,0.0,1.590911938198009e-05,False,-1.590911938198009e-05,measured_local
clearaccept_hardness,routing,16,16,30002,milp,local,5144,10.219206574816786,10.219206574816786,True,0.020133084035478532,0.0007732079830020666,0.0209062920184806,589824,0,,,0.0007732079830020666,0.0,3.507073524577051e-05,False,-3.507073524577051e-05,measured_local
clearaccept_hardness,routing,16,16,30002,qaoa_warm,nominal,5144,10.219206574816786,10.219206574816786,True,0.020133084035478532,0.3188396249897778,0.33897270902525634,589824,125,0.057592341416703295,0.0003099170280620456,10.025,0.0,0.45470834312106384,True,-2.4547083431210637,modeled_qpu
clearaccept_hardness,routing,16,16,30003,task_specific,local,4738,6.869843091123982,6.869843091123982,True,0.019569416996091604,0.00022795796394348145,0.019797374960035086,589824,104,,,0.00022795796394348145,0.0,1.529974548929429e-05,False,-1.529974548929429e-05,measured_local
clearaccept_hardness,routing,16,16,30003,milp,local,4738,6.869843091123982,6.869843091123982,True,0.019569416996091604,0.0011377920163795352,0.02070720901247114,589824,1,,,0.0011377920163795352,0.0,7.636464183665838e-05,False,-7.636464183665838e-05,measured_local
clearaccept_hardness,routing,16,16,30003,qaoa_warm,nominal,4738,6.869843091123982,6.869843091123982,True,0.019569416996091604,0.3112903750734404,0.330859792069532,589824,125,0.0474545616958015,0.00021737499628216028,10.025,0.0,0.6728431236918898,True,-2.67284312369189,modeled_qpu
clearaccept_hardness,routing,16,16,30004,task_specific,local,8472,7.01488328296955,7.01488328296955,True,0.01987720897886902,0.0004600000102072954,0.020337208989076316,589824,212,,,0.0004600000102072954,0.0,5.41800636958404e-05,False,-5.41800636958404e-05,measured_local
clearaccept_hardness,routing,16,16,30004,milp,local,8472,7.01488328296955,7.01488328296955,True,0.01987720897886902,0.004232499981299043,0.024109708960168064,589824,1,,,0.004232499981299043,0.0,0.0004985154641107191,False,-0.0004985154641107191,measured_local
clearaccept_hardness,routing,16,16,30004,qaoa_warm,nominal,8472,7.01488328296955,7.01488328296955,True,0.01987720897886902,0.31955087499227375,0.33942808397114277,589824,127,0.044332880659467194,0.0004307080525904894,10.1774,0.0,1.1987221043963814,True,-3.1987221043963814,modeled_qpu
clearaccept_hardness,routing,16,16,30005,task_specific,local,4648,9.260921298404709,9.260921298404709,True,0.019811791949905455,0.00016804190818220377,0.01997983385808766,589824,72,,,0.00016804190818220377,0.0,1.2106914467630528e-05,False,-1.2106914467630528e-05,measured_local
clearaccept_hardness,routing,16,16,30005,milp,local,4648,9.260921298404709,9.260921298404709,True,0.019811791949905455,0.004385332926176488,0.024197124876081944,589824,1,,,0.004385332926176488,0.0,0.0003159500580756043,False,-0.0003159500580756043,measured_local
clearaccept_hardness,routing,16,16,30005,qaoa_warm,nominal,4648,9.260921298404709,9.260921298404709,True,0.019811791949905455,0.3266777079552412,0.34648949990514666,589824,128,0.05278605604460052,0.00015249999705702066,10.2536,0.0,0.7387410648223238,True,-2.7387410648223236,modeled_qpu
clearaccept_hardness,routing,16,16,30006,task_specific,local,18465,7.155251879882399,7.155251879882399,True,0.022997000021860003,0.0005367499543353915,0.023533749976195395,589824,164,,,0.0005367499543353915,0.0,7.475826118974071e-05,False,-7.475826118974071e-05,measured_local
clearaccept_hardness,routing,16,16,30006,milp,local,18465,7.155251879882399,7.155251879882399,True,0.022997000021860003,0.0010172500042244792,0.024014250026084483,589824,0,,,0.0010172500042244792,0.0,0.00014168206424021324,False,-0.00014168206424021324,measured_local
clearaccept_hardness,routing,16,16,30006,qaoa_warm,nominal,18465,7.155251879882399,7.155251879882399,True,0.022997000021860003,0.31937249994371086,0.34236949996557087,589824,125,0.04742901304289127,0.0004910419229418039,10.025,0.0,1.3962769113881492,True,-3.3962769113881492,modeled_qpu
clearaccept_hardness,routing,16,16,30007,task_specific,local,18562,8.94584028237074,8.94584028237074,True,0.020165499998256564,0.00023037497885525227,0.020395874977111816,589824,104,,,0.00023037497885525227,0.0,1.1797210831274965e-05,False,-1.1797210831274965e-05,measured_local
clearaccept_hardness,routing,16,16,30007,milp,local,18562,8.94584028237074,8.94584028237074,True,0.020165499998256564,0.0006801669951528311,0.020845666993409395,589824,0,,,0.0006801669951528311,0.0,3.4830490195440714e-05,False,-3.4830490195440714e-05,measured_local
clearaccept_hardness,routing,16,16,30007,qaoa_warm,nominal,18562,8.94584028237074,8.94584028237074,True,0.020165499998256564,0.3238939999137074,0.34405949991196394,589824,127,0.04866583730812931,0.00021475006360560656,10.1774,0.0,0.5211717614075453,True,-2.5211717614075453,modeled_qpu
clearaccept_hardness,routing,16,16,30008,task_specific,local,6212,7.591599092208391,7.591599092208391,True,0.019952000002376735,0.00026650005020201206,0.020218500052578747,589824,124,,,0.00026650005020201206,0.0,1.0648461512645815e-05,False,-1.0648461512645815e-05,measured_local
clearaccept_hardness,routing,16,16,30008,milp,local,6212,7.591599092208391,7.591599092208391,True,0.019952000002376735,0.0007469579577445984,0.020698957960121334,589824,0,,,0.0007469579577445984,0.0,2.984597210611641e-05,False,-2.984597210611641e-05,measured_local
clearaccept_hardness,routing,16,16,30008,qaoa_warm,nominal,6212,7.591599092208391,7.591599092208391,True,0.019952000002376735,0.3199899169849232,0.3399419169872999,589824,126,0.03851822953791575,0.00023312494158744812,10.1012,0.0,0.4036105784970911,True,-2.403610578497091,modeled_qpu
clearaccept_hardness,routing,16,16,30009,task_specific,local,5137,7.350376354467166,7.350376354467166,True,0.019713958026841283,0.00015604193322360516,0.019869999960064888,589824,68,,,0.00015604193322360516,0.0,1.8505534827709108e-05,False,-1.8505534827709108e-05,measured_local
clearaccept_hardness,routing,16,16,30009,milp,local,5137,7.350376354467166,7.350376354467166,True,0.019713958026841283,0.0006852089427411556,0.02039916696958244,589824,0,,,0.0006852089427411556,0.0,8.126122057193282e-05,False,-8.126122057193282e-05,measured_local
clearaccept_hardness,routing,16,16,30009,qaoa_warm,nominal,5137,7.350376354467166,7.350376354467166,True,0.019713958026841283,0.33879412501119077,0.35850808303803205,589824,125,0.03248284406013547,0.00013616704382002354,10.025,0.0,1.188898284039714,True,-3.188898284039714,modeled_qpu
