experiment,task,size_label,n_vars,seed,algorithm,profile,solution,cost,optimum,feasible,construction_s,solver_s,complete_local_s,cost_vector_bytes,evals,success_prob,classical_seed_s,delay_s,gap,staleness_loss,deadline_miss,utility,timing_evidence,timestamp,next_timestamp,next_cochannel_load,next_mean_prb,next_total_traffic_kbyte
netdata_5g,netdata_channel,12,12,8,task_specific,local,2841,1.4375,1.2625,True,0.0,0.00010854203719645739,0.00010854203719645739,36864,48,,,0.00010854203719645739,0.07734806629834255,0.0,False,-0.07734806629834255,measured_local,04:00,04:30,1.4375,0.0,0.0
netdata_5g,netdata_channel,12,12,8,milp,local,2962,1.2625000000000002,1.2625,True,0.0,0.23306987492833287,0.23306987492833287,36864,118,,,0.23306987492833287,9.81412618453177e-17,0.0,False,-9.81412618453177e-17,measured_local,04:00,04:30,1.2625000000000002,0.0,0.0
netdata_5g,netdata_channel,12,12,8,qaoa,nominal,909,1.2625,1.2625,True,0.0,0.020982249989174306,0.020982249989174306,36864,119,0.009350773870310292,,9.5678,0.0,0.0,False,-0.0,modeled_qpu,04:00,04:30,1.2625000000000002,0.0,0.0
netdata_5g,netdata_channel,12,12,8,qaoa_warm,nominal,813,1.2625000000000002,1.2625,True,0.0,0.024518541991710663,0.024518541991710663,36864,105,0.004722086991003922,0.00011012505274266005,8.501000000000001,9.81412618453177e-17,0.0,False,-9.81412618453177e-17,modeled_qpu,04:00,04:30,1.2625000000000002,0.0,0.0
netdata_5g,netdata_channel,12,12,9,task_specific,local,2841,1.4375,1.2625,True,0.0,8.966703899204731e-05,8.966703899204731e-05,36864,48,,,8.966703899204731e-05,0.07734806629834255,3.227598278533184e-09,False,-0.07734806952594082,measured_local,04:30,05:00,2.11999,0.06479166666666665,9195141.040000001
netdata_5g,netdata_channel,12,12,9,milp,local,2962,1.2625000000000002,1.2625,True,0.0,0.23382287507411093,0.23382287507411093,36864,118,,,0.23382287507411093,9.81412618453177e-17,8.416540989357463e-06,False,-8.416540989455604e-06,measured_local,04:30,05:00,1.9306900000000002,0.06479166666666665,9195141.040000001
netdata_5g,netdata_channel,12,12,9,qaoa,nominal,909,1.2625,1.2625,True,0.0,0.02111916709691286,0.02111916709691286,36864,119,0.009350773870310292,,9.5678,0.0,0.00034439650462962955,False,-0.00034439650462962955,modeled_qpu,04:30,05:00,1.94444,0.06479166666666665,9195141.040000001
netdata_5g,netdata_channel,12,12,9,qaoa_warm,nominal,2962,1.2625000000000002,1.2625,True,0.0,0.02458466705866158,0.02458466705866158,36864,105,0.004722086991003922,0.0001015000743791461,8.501000000000001,9.81412618453177e-17,0.0003059966435185185,False,-0.0003059966435186166,modeled_qpu,04:30,05:00,1.9306900000000002,0.06479166666666665,9195141.040000001
netdata_5g,netdata_channel,12,12,10,task_specific,local,1206,2.19489,1.9072650000000002,True,0.0,0.0001039999770000577,0.0001039999770000577,36864,48,,,0.0001039999770000577,0.09893318978490086,2.166666187501204e-10,False,-0.09893319000156747,measured_local,05:00,05:30,2.205475,0.06655833333333334,11000528.16
netdata_5g,netdata_channel,12,12,10,milp,local,813,1.9072650000000002,1.9072650000000002,True,0.0,0.18357379094231874,0.18357379094231874,36864,82,,,0.18357379094231874,0.0,3.824453977964977e-07,False,-3.824453977964977e-07,measured_local,05:00,05:30,1.92442,0.06655833333333334,11000528.16
netdata_5g,netdata_channel,12,12,10,qaoa,nominal,3282,1.9072650000000002,1.9072650000000002,True,0.0,0.019198167021386325,0.019198167021386325,36864,109,0.0021612251354394276,,8.8058,0.0,1.8345416666666683e-05,False,-1.8345416666666683e-05,modeled_qpu,05:00,05:30,1.92442,0.06655833333333334,11000528.16
netdata_5g,netdata_channel,12,12,10,qaoa_warm,nominal,3282,1.9072650000000002,1.9072650000000002,True,0.0,0.027781917015090585,0.027781917015090585,36864,119,0.0013562197785350375,9.51660331338644e-05,9.5678,0.0,1.9932916666666684e-05,False,-1.9932916666666684e-05,modeled_qpu,05:00,05:30,1.92442,0.06655833333333334,11000528.16
netdata_5g,netdata_channel,12,12,11,task_specific,local,1206,2.205475,1.92442,True,0.0,9.083305485546589e-05,9.083305485546589e-05,36864,48,,,9.083305485546589e-05,0.09610623645030462,3.721632108661448e-10,False,-0.09610623682246784,measured_local,05:30,06:00,2.294345,0.07363333333333333,17695400.89
netdata_5g,netdata_channel,12,12,11,milp,local,3282,1.92442,1.92442,True,0.0,0.19602787506300956,0.19602787506300956,36864,67,,,0.19602787506300956,0.0,8.031697658831639e-07,False,-8.031697658831639e-07,measured_local,05:30,06:00,1.991495,0.07363333333333333,17695400.89
netdata_5g,netdata_channel,12,12,11,qaoa,nominal,813,1.92442,1.92442,True,0.0,0.0196204170351848,0.0196204170351848,36864,111,0.0021677056046770678,,8.9582,0.0,3.6703736111111096e-05,False,-3.6703736111111096e-05,modeled_qpu,05:30,06:00,1.991495,0.07363333333333333,17695400.89
netdata_5g,netdata_channel,12,12,11,qaoa_warm,nominal,3282,1.92442,1.92442,True,0.0,0.028256584075279534,0.028256584075279534,36864,121,0.0013564807063587657,9.233306627720594e-05,9.7202,0.0,3.982581944444443e-05,False,-3.982581944444443e-05,modeled_qpu,05:30,06:00,1.991495,0.07363333333333333,17695400.89
netdata_5g,netdata_channel,12,12,12,task_specific,local,1266,2.3533600000000003,1.991495,True,0.0,0.00010145897977054119,0.00010145897977054119,36864,48,,,0.00010145897977054119,0.12096460131138455,2.691481268912971e-10,False,-0.12096460158053267,measured_local,06:00,06:30,2.35819,0.07625833333333333,19077720.43
netdata_5g,netdata_channel,12,12,12,milp,local,813,1.991495,1.991495,True,0.0,0.17936329205986112,0.17936329205986112,36864,65,,,0.17936329205986112,0.0,4.7581095532546547e-07,False,-4.7581095532546547e-07,measured_local,06:00,06:30,2.007975,0.07625833333333333,19077720.43
netdata_5g,netdata_channel,12,12,12,qaoa,nominal,3282,1.991495,1.991495,True,0.0,0.02019891596864909,0.02019891596864909,36864,115,0.0022032285414810993,,9.263,0.0,2.4572680555555583e-05,False,-2.4572680555555583e-05,modeled_qpu,06:00,06:30,2.007975,0.07625833333333333,19077720.43
netdata_5g,netdata_channel,12,12,12,qaoa_warm,nominal,3282,1.991495,1.991495,True,0.0,0.028484500013291836,0.028484500013291836,36864,122,0.011261489780540387,9.55420546233654e-05,9.7964,0.0,2.5987672222222253e-05,False,-2.5987672222222253e-05,modeled_qpu,06:00,06:30,2.007975,0.07625833333333333,19077720.43
netdata_5g,netdata_channel,12,12,13,task_specific,local,1266,2.3581899999999996,2.007975,True,0.0,8.908298332244158e-05,8.908298332244158e-05,36864,48,,,8.908298332244158e-05,0.11642882670234941,1.5964825390794969e-09,False,-0.11642882829883196,measured_local,06:30,07:00,2.6131399999999996,0.10764999999999998,54214245.07
netdata_5g,netdata_channel,12,12,13,milp,local,813,2.007975,2.007975,True,0.0,0.16727441700641066,0.16727441700641066,36864,59,,,0.16727441700641066,0.0,2.9977743899621092e-06,False,-2.9977743899621092e-06,measured_local,06:30,07:00,2.289535,0.10764999999999998,54214245.07
netdata_5g,netdata_channel,12,12,13,qaoa,nominal,813,2.007975,2.007975,True,0.0,0.020872749970294535,0.020872749970294535,36864,118,0.0022264339535102984,,9.4916,0.0,0.00017010177592592592,False,-0.00017010177592592592,modeled_qpu,06:30,07:00,2.289535,0.10764999999999998,54214245.07
netdata_5g,netdata_channel,12,12,13,qaoa_warm,nominal,3282,2.007975,2.007975,True,0.0,0.026751458062790334,0.026751458062790334,36864,114,0.011287514806984911,9.470898658037186e-05,9.1868,0.0,0.0001646393648148148,False,-0.0001646393648148148,modeled_qpu,06:30,07:00,2.289535,0.10764999999999998,54214245.07
netdata_5g,netdata_channel,12,12,14,task_specific,local,1241,2.70768,2.289535,True,0.0,8.804199751466513e-05,8.804199751466513e-05,36864,48,,,8.804199751466513e-05,0.12711371060043442,2.516533762294178e-09,False,-0.12711371311696817,measured_local,07:00,07:30,3.0932799999999996,0.12803333333333333,88352531.08999999
netdata_5g,netdata_channel,12,12,14,milp,local,3282,2.289535,2.289535,True,0.0,0.14244083408266306,0.14244083408266306,36864,51,,,0.14244083408266306,0.0,4.071433840862786e-06,False,-4.071433840862786e-06,measured_local,07:00,07:30,2.6641849999999994,0.12803333333333333,88352531.08999999
netdata_5g,netdata_channel,12,12,14,qaoa,nominal,813,2.289535,2.289535,True,0.0,0.020997749990783632,0.020997749990783632,36864,119,0.0023894211587105725,,9.5678,0.0,0.00027347961666666665,False,-0.00027347961666666665,modeled_qpu,07:00,07:30,2.6641849999999994,0.12803333333333333,88352531.08999999
netdata_5g,netdata_channel,12,12,14,qaoa_warm,nominal,3282,2.289535,2.289535,True,0.0,0.028058667085133493,0.028058667085133493,36864,120,0.0016237740877429116,9.200000204145908e-05,9.644,0.0,0.00027565766666666665,False,-0.00027565766666666665,modeled_qpu,07:00,07:30,2.6641849999999994,0.12803333333333333,88352531.08999999
netdata_5g,netdata_channel,12,12,15,task_specific,local,3410,2.75131,2.5467250000000003,True,0.0,8.74160323292017e-05,8.74160323292017e-05,36864,48,,,8.74160323292017e-05,0.057682791871374234,1.6689986913223507e-09,False,-0.05768279354037292,measured_local,07:30,08:00,2.45473,0.09596666666666666,34890651.71
netdata_5g,netdata_channel,12,12,15,milp,local,3219,2.5467250000000003,2.5467250000000003,True,0.0,0.16043762501794845,0.16043762501794845,36864,59,,,0.16043762501794845,0.0,3.0631702109908302e-06,False,-3.0631702109908302e-06,measured_local,07:30,08:00,2.377035,0.09596666666666666,34890651.71
netdata_5g,netdata_channel,12,12,15,qaoa,nominal,876,2.5467250000000003,2.5467250000000003,True,0.0,0.021537624998018146,0.021537624998018146,36864,122,0.0022704953045408634,,9.7964,0.0,0.00018703867407407406,False,-0.00018703867407407406,modeled_qpu,07:30,08:00,2.377035,0.09596666666666666,34890651.71
netdata_5g,netdata_channel,12,12,15,qaoa_warm,nominal,3219,2.5467250000000003,2.5467250000000003,True,0.0,0.028427999932318926,0.028427999932318926,36864,121,0.0015741394367859414,9.179196786135435e-05,9.7202,0.0,0.0001855838185185185,False,-0.0001855838185185185,modeled_qpu,07:30,08:00,2.377035,0.09596666666666666,34890651.71
netdata_5g,netdata_channel,12,12,16,task_specific,local,3298,2.330885,2.21665,True,0.0,8.658308070152998e-05,8.658308070152998e-05,36864,48,,,8.658308070152998e-05,0.03551365551116841,4.885129650507157e-09,False,-0.03551366039629806,measured_local,08:00,08:30,3.009585,0.1965583333333333,180280063.04
netdata_5g,netdata_channel,12,12,16,milp,local,3282,2.21665,2.21665,True,0.0,0.19814754102844745,0.19814754102844745,36864,78,,,0.19814754102844745,0.0,1.1179741122748562e-05,False,-1.1179741122748562e-05,measured_local,08:00,08:30,2.389715,0.1965583333333333,180280063.04
netdata_5g,netdata_channel,12,12,16,qaoa,nominal,3282,2.21665,2.21665,True,0.0,0.02175087493378669,0.02175087493378669,36864,123,0.0022869327022606105,,9.8726,0.0,0.0005570248898148149,False,-0.0005570248898148149,modeled_qpu,08:00,08:30,2.389715,0.1965583333333333,180280063.04
netdata_5g,netdata_channel,12,12,16,qaoa_warm,nominal,3282,2.21665,2.21665,True,0.0,0.027611500001512468,0.027611500001512468,36864,118,0.01227941706257588,0.00010616600047796965,9.4916,0.0,0.000535528375925926,False,-0.000535528375925926,modeled_qpu,08:00,08:30,2.389715,0.1965583333333333,180280063.04
netdata_5g,netdata_channel,12,12,17,task_specific,local,723,2.503355,2.389715,True,0.0,8.937506936490536e-05,8.937506936490536e-05,36864,48,,,8.937506936490536e-05,0.033524942362411055,3.9887762438781835e-09,False,-0.0335249463511873,measured_local,08:30,09:00,3.1181900000000002,0.27470833333333333,301660547.66999996
netdata_5g,netdata_channel,12,12,17,milp,local,813,2.389715,2.389715,True,0.0,0.11223316704854369,0.11223316704854369,36864,21,,,0.11223316704854369,0.0,5.008924677536857e-06,False,-5.008924677536857e-06,measured_local,08:30,09:00,2.9570250000000007,0.27470833333333333,301660547.66999996
netdata_5g,netdata_channel,12,12,17,qaoa,nominal,3282,2.389715,2.389715,True,0.0,0.02088470896705985,0.02088470896705985,36864,118,0.0034262668878609934,,9.4916,0.0,0.00042360659259259255,False,-0.00042360659259259255,modeled_qpu,08:30,09:00,2.9570250000000007,0.27470833333333333,301660547.66999996
netdata_5g,netdata_channel,12,12,17,qaoa_warm,nominal,3282,2.389715,2.389715,True,0.0,0.027361166081391275,0.027361166081391275,36864,118,0.0022420759720545333,9.120802860707045e-05,9.4916,0.0,0.00042360659259259255,False,-0.00042360659259259255,modeled_qpu,08:30,09:00,2.9570250000000007,0.27470833333333333,301660547.66999996
netdata_5g,netdata_channel,12,12,18,task_specific,local,3241,3.295015,2.957025,True,0.0,9.29159577935934e-05,9.29159577935934e-05,36864,48,,,9.29159577935934e-05,0.08541517933295847,8.17531378642242e-09,False,-0.08541518750827226,measured_local,09:00,09:30,5.089739999999999,0.3863666666666667,409765672.95
netdata_5g,netdata_channel,12,12,18,milp,local,3282,2.957025,2.957025,True,0.0,0.10655879194382578,0.10655879194382578,36864,21,,,0.10655879194382578,0.0,9.375693707835229e-06,False,-9.375693707835229e-06,measured_local,09:00,09:30,4.601815,0.3863666666666667,409765672.95
netdata_5g,netdata_channel,12,12,18,qaoa,nominal,3282,2.957025,2.957025,True,0.0,0.021104041952639818,0.021104041952639818,36864,119,0.0036369076292737976,,9.5678,0.0,0.000841833513888889,False,-0.000841833513888889,modeled_qpu,09:00,09:30,4.601815,0.3863666666666667,409765672.95
netdata_5g,netdata_channel,12,12,18,qaoa_warm,nominal,3219,3.009695,2.957025,True,0.0,0.02907279203645885,0.02907279203645885,36864,124,0.0006309063163267706,8.987507317215204e-05,9.9488,0.013310504735249334,0.0008753562222222224,False,-0.014185860957471557,modeled_qpu,09:00,09:30,4.657415,0.3863666666666667,409765672.95
netdata_5g,netdata_channel,12,12,19,task_specific,local,1238,4.25378,4.25378,True,0.0,8.966599125415087e-05,8.966599125415087e-05,36864,48,,,8.966599125415087e-05,0.0,4.3724624346294965e-09,False,-4.3724624346294965e-09,measured_local,09:30,10:00,4.787875,0.45315833333333333,530082637.18999994
netdata_5g,netdata_channel,12,12,19,milp,local,2857,4.25378,4.25378,True,0.0,0.08983354200609028,0.08983354200609028,36864,16,,,0.08983354200609028,0.0,4.38063286088032e-06,False,-4.38063286088032e-06,measured_local,09:30,10:00,4.787875,0.45315833333333333,530082637.18999994
netdata_5g,netdata_channel,12,12,19,qaoa,nominal,2857,4.25378,4.25378,True,0.0,0.021082749939523637,0.021082749939523637,36864,119,0.003208536691997549,,9.5678,0.0,0.0004665631361111112,False,-0.0004665631361111112,modeled_qpu,09:30,10:00,4.787875,0.45315833333333333,530082637.18999994
netdata_5g,netdata_channel,12,12,19,qaoa_warm,nominal,1238,4.25378,4.25378,True,0.0,0.033539791009388864,0.033539791009388864,36864,110,0.10567545305052137,9.020802099257708e-05,8.882,0.0,0.00043312086111111113,False,-0.00043312086111111113,modeled_qpu,09:30,10:00,4.787875,0.45315833333333333,530082637.18999994
netdata_5g,netdata_channel,12,12,20,task_specific,local,1198,5.465669999999999,4.787875,True,0.0,9.758304804563522e-05,9.758304804563522e-05,36864,48,,,9.758304804563522e-05,0.11710601904844174,6.273776797267297e-09,False,-0.11710602532221855,measured_local,10:00,10:30,5.713604999999999,0.44303333333333333,472927172.15
netdata_5g,netdata_channel,12,12,20,milp,local,2857,4.787875,4.787875,True,0.0,0.08386845898348838,0.08386845898348838,36864,15,,,0.08386845898348838,0.0,5.392043008813439e-06,False,-5.392043008813439e-06,measured_local,10:00,10:30,5.03196,0.44303333333333333,472927172.15
netdata_5g,netdata_channel,12,12,20,qaoa,nominal,2857,4.787875,4.787875,True,0.0,0.024283207952976227,0.024283207952976227,36864,114,0.003853763981427401,,9.1868,0.0,0.0005906346833333332,False,-0.0005906346833333332,modeled_qpu,10:00,10:30,5.03196,0.44303333333333333,472927172.15
netdata_5g,netdata_channel,12,12,20,qaoa_warm,nominal,1238,4.787875,4.787875,True,0.0,0.030543499975465238,0.030543499975465238,36864,127,0.002345068861140536,0.00011216697748750448,10.1774,0.0,0.0006543220083333332,False,-0.0006543220083333332,modeled_qpu,10:00,10:30,5.03196,0.44303333333333333,472927172.15
netdata_5g,netdata_channel,12,12,21,task_specific,local,2729,5.273375,4.933364999999999,True,0.0,0.00010175001807510853,0.00010175001807510853,36864,48,,,0.00010175001807510853,0.05730475033981567,4.672963793079058e-09,False,-0.057304755012779464,measured_local,10:30,11:00,5.951429999999999,0.5055333333333334,537129725.12
netdata_5g,netdata_channel,12,12,21,milp,local,2961,4.933364999999999,4.933364999999999,True,0.0,0.0851082910085097,0.0851082910085097,36864,19,,,0.0851082910085097,0.0,3.9086770685389634e-06,False,-3.9086770685389634e-06,measured_local,10:30,11:00,5.234139999999999,0.5055333333333334,537129725.12
netdata_5g,netdata_channel,12,12,21,qaoa,nominal,1134,4.933364999999999,4.933364999999999,True,0.0,0.02067295799497515,0.02067295799497515,36864,116,0.003840190717422045,,9.3392,0.0,0.00042891140740740737,False,-0.00042891140740740737,modeled_qpu,10:30,11:00,5.234139999999999,0.5055333333333334,537129725.12
netdata_5g,netdata_channel,12,12,21,qaoa_warm,nominal,2961,4.933364999999999,4.933364999999999,True,0.0,0.03041224996559322,0.03041224996559322,36864,129,0.0023746597211195333,9.325006976723671e-05,10.3298,0.0,0.00047440562962962964,False,-0.00047440562962962964,modeled_qpu,10:30,11:00,5.234139999999999,0.5055333333333334,537129725.12
netdata_5g,netdata_channel,12,12,22,task_specific,local,2769,5.805224999999999,5.23414,True,0.0,8.783303201198578e-05,8.783303201198578e-05,36864,48,,,8.783303201198578e-05,0.09160605953668015,3.6654025488705537e-09,False,-0.0916060632020827,measured_local,11:00,11:30,5.438625,0.46545,506285125.17
netdata_5g,netdata_channel,12,12,22,milp,local,2961,5.23414,5.23414,True,0.0,0.07603083399590105,0.07603083399590105,36864,17,,,0.07603083399590105,0.0,3.1728793409215364e-06,False,-3.1728793409215364e-06,measured_local,11:00,11:30,5.3970400000000005,0.46545,506285125.17
netdata_5g,netdata_channel,12,12,22,qaoa,nominal,2961,5.23414,5.23414,True,0.0,0.02052149991504848,0.02052149991504848,36864,116,0.003974911455728476,,9.3392,0.0,0.0003897386518518518,False,-0.0003897386518518518,modeled_qpu,11:00,11:30,5.3970400000000005,0.46545,506285125.17
netdata_5g,netdata_channel,12,12,22,qaoa_warm,nominal,2961,5.23414,5.23414,True,0.0,0.03031333291437477,0.03031333291437477,36864,128,0.017327401339113382,8.987495675683022e-05,10.2536,0.0,0.00042789791851851846,False,-0.00042789791851851846,modeled_qpu,11:00,11:30,5.3970400000000005,0.46545,506285125.17
netdata_5g,netdata_channel,12,12,23,task_specific,local,745,5.433795,5.050244999999999,True,0.0,9.400001727044582e-05,9.400001727044582e-05,36864,48,,,9.400001727044582e-05,0.06339412701469123,2.410491183615739e-09,False,-0.06339412942518241,measured_local,11:30,12:00,5.0790999999999995,0.4280916666666666,434782932.33000004
netdata_5g,netdata_channel,12,12,23,milp,local,873,5.050244999999999,5.050244999999999,True,0.0,0.09851687494665384,0.09851687494665384,36864,17,,,0.09851687494665384,0.0,2.526319307081092e-06,False,-2.526319307081092e-06,measured_local,11:30,12:00,4.80059,0.4280916666666666,434782932.33000004
netdata_5g,netdata_channel,12,12,23,qaoa,nominal,3222,5.050244999999999,5.050244999999999,True,0.0,0.020631958032026887,0.020631958032026887,36864,115,0.003823562840518357,,9.263,0.0,0.00023753591203703713,False,-0.00023753591203703713,modeled_qpu,11:30,12:00,4.80059,0.4280916666666666,434782932.33000004
netdata_5g,netdata_channel,12,12,23,qaoa_warm,nominal,873,5.050244999999999,5.050244999999999,True,0.0,0.026725166011601686,0.026725166011601686,36864,114,0.01703413099478974,9.066693019121885e-05,9.1868,0.0,0.000235581875925926,False,-0.000235581875925926,modeled_qpu,11:30,12:00,4.80059,0.4280916666666666,434782932.33000004
netdata_5g,netdata_channel,12,12,24,task_specific,local,745,5.0790999999999995,4.80059,True,0.0,9.045901242643595e-05,9.045901242643595e-05,36864,48,,,9.045901242643595e-05,0.04801408132620989,5.1431811648567585e-09,False,-0.04801408646939106,measured_local,12:00,12:30,5.42796,0.43234999999999996,475714402.86999995
netdata_5g,netdata_channel,12,12,24,milp,local,873,4.80059,4.80059,True,0.0,0.0841658329591155,0.0841658329591155,36864,11,,,0.0841658329591155,0.0,4.7853731230134144e-06,False,-4.7853731230134144e-06,measured_local,12:00,12:30,5.104900000000001,0.43234999999999996,475714402.86999995
netdata_5g,netdata_channel,12,12,24,qaoa,nominal,3222,4.80059,4.80059,True,0.0,0.020958916982635856,0.020958916982635856,36864,118,0.003616388871345297,,9.4916,0.0,0.0005396589796296296,False,-0.0005396589796296296,modeled_qpu,12:00,12:30,5.104900000000001,0.43234999999999996,475714402.86999995
netdata_5g,netdata_channel,12,12,24,qaoa_warm,nominal,873,4.80059,4.80059,True,0.0,0.02726600004825741,0.02726600004825741,36864,115,0.016266925284368322,9.566708467900753e-05,9.263,0.0,0.0005266615879629629,False,-0.0005266615879629629,modeled_qpu,12:00,12:30,5.104900000000001,0.43234999999999996,475714402.86999995
netdata_5g,netdata_channel,12,12,25,task_specific,local,2729,5.053545,4.581685,True,0.0,9.837502148002386e-05,9.837502148002386e-05,36864,48,,,9.837502148002386e-05,0.08453719620508851,4.829484850806356e-09,False,-0.08453720103457336,measured_local,12:30,13:00,4.3282099999999994,0.34915,324862936.27
netdata_5g,netdata_channel,12,12,25,milp,local,1238,4.581685,4.581685,True,0.0,0.09836258296854794,0.09836258296854794,36864,11,,,0.09836258296854794,0.0,4.82887421203001e-06,False,-4.82887421203001e-06,measured_local,12:30,13:00,3.60173,0.34915,324862936.27
netdata_5g,netdata_channel,12,12,25,qaoa,nominal,1238,4.581685,4.581685,True,0.0,0.02050429198425263,0.02050429198425263,36864,115,0.004204046498437182,,9.263,0.0,0.00045474468518518516,False,-0.00045474468518518516,modeled_qpu,12:30,13:00,3.60173,0.34915,324862936.27
netdata_5g,netdata_channel,12,12,25,qaoa_warm,nominal,2857,4.581685,4.581685,True,0.0,0.027675416902638972,0.027675416902638972,36864,117,0.019544895172474732,9.154097642749548e-05,9.4154,0.0,0.0004622263962962962,False,-0.0004622263962962962,modeled_qpu,12:30,13:00,3.60173,0.34915,324862936.27
netdata_5g,netdata_channel,12,12,26,task_specific,local,2769,4.02614,3.46936,True,0.0,9.124993812292814e-05,9.124993812292814e-05,36864,48,,,9.124993812292814e-05,0.1245771206615712,2.4983895095323933e-09,False,-0.12457712315996071,measured_local,13:00,13:30,3.783595,0.3228166666666667,328959874.63
netdata_5g,netdata_channel,12,12,26,milp,local,2838,3.46936,3.46936,True,0.0,0.07582433300558478,0.07582433300558478,36864,15,,,0.07582433300558478,0.0,2.0760421546066127e-06,False,-2.0760421546066127e-06,measured_local,13:00,13:30,3.290935,0.3228166666666667,328959874.63
netdata_5g,netdata_channel,12,12,26,qaoa,nominal,2838,3.46936,3.46936,True,0.0,0.021042792010121047,0.021042792010121047,36864,117,0.004309345901753145,,9.4154,0.0,0.0002577901648148148,False,-0.0002577901648148148,modeled_qpu,13:00,13:30,3.290935,0.3228166666666667,328959874.63
netdata_5g,netdata_channel,12,12,26,qaoa_warm,nominal,745,3.91389,3.46936,True,0.0,0.028800084022805095,0.028800084022805095,36864,121,0.0007231948311942251,9.283400140702724e-05,9.7202,0.0994616678898097,0.0002661354759259259,False,-0.09972780336573563,modeled_qpu,13:00,13:30,3.395885,0.3228166666666667,328959874.63
netdata_5g,netdata_channel,12,12,27,task_specific,local,1326,3.7835949999999996,3.2909349999999993,True,0.0,9.287497960031033e-05,9.287497960031033e-05,36864,48,,,9.287497960031033e-05,0.11481413724514597,6.929075445643523e-09,False,-0.11481414417422142,measured_local,13:30,14:00,4.408964999999999,0.4076583333333334,490078952.64
netdata_5g,netdata_channel,12,12,27,milp,local,2838,3.2909349999999993,3.2909349999999993,True,0.0,0.08441791601944715,0.08441791601944715,36864,15,,,0.08441791601944715,0.0,6.298123688210143e-06,False,-6.298123688210143e-06,measured_local,13:30,14:00,4.188465,0.4076583333333334,490078952.64
netdata_5g,netdata_channel,12,12,27,qaoa,nominal,2838,3.2909349999999993,3.2909349999999993,True,0.0,0.020855334005318582,0.020855334005318582,36864,117,0.004071420906251357,,9.4154,0.0,0.0007024498657407408,False,-0.0007024498657407408,modeled_qpu,13:30,14:00,4.188465,0.4076583333333334,490078952.64
netdata_5g,netdata_channel,12,12,27,qaoa_warm,nominal,3350,3.395885,3.2909349999999993,True,0.0,0.03000491706188768,0.03000491706188768,36864,127,0.0006800796674797491,9.920902084559202e-05,10.1774,0.024458538756704673,0.0007593000046296297,False,-0.025217838761334304,modeled_qpu,13:30,14:00,4.080164999999999,0.4076583333333334,490078952.64
netdata_5g,netdata_channel,12,12,28,task_specific,local,2769,4.408965,4.0412,True,0.0,8.90420051291585e-05,8.90420051291585e-05,36864,48,,,8.90420051291585e-05,0.07295187653733246,7.2730004467302925e-09,False,-0.07295188381033291,measured_local,14:00,14:30,5.36787,0.4592333333333333,521853382.62000006
netdata_5g,netdata_channel,12,12,28,milp,local,873,4.0412,4.0412,True,0.0,0.09825433394871652,0.09825433394871652,36864,17,,,0.09825433394871652,0.0,8.025468582672247e-06,False,-8.025468582672247e-06,measured_local,14:00,14:30,4.751855,0.4592333333333333,521853382.62000006
netdata_5g,netdata_channel,12,12,28,qaoa,nominal,3222,4.0412,4.0412,True,0.0,0.020221415907144547,0.020221415907144547,36864,113,0.003798603693403835,,9.1106,0.0,0.0007441588694444444,False,-0.0007441588694444444,modeled_qpu,14:00,14:30,4.751855,0.4592333333333333,521853382.62000006
netdata_5g,netdata_channel,12,12,28,qaoa_warm,nominal,3222,4.0412,4.0412,True,0.0,0.027153874980285764,0.027153874980285764,36864,115,0.0006454394751096205,9.183294605463743e-05,9.263,0.0,0.000756606986111111,False,-0.000756606986111111,modeled_qpu,14:00,14:30,4.751855,0.4592333333333333,521853382.62000006
netdata_5g,netdata_channel,12,12,29,task_specific,local,721,5.215745,4.751855,True,0.0,9.258405771106482e-05,9.258405771106482e-05,36864,48,,,9.258405771106482e-05,0.08065050318549409,3.571772930121774e-09,False,-0.08065050675726702,measured_local,14:30,15:00,5.151175,0.4663916666666666,488744890.33000004
netdata_5g,netdata_channel,12,12,29,milp,local,3222,4.751855,4.751855,True,0.0,0.07921983301639557,0.07921983301639557,36864,17,,,0.07921983301639557,0.0,3.056198465396409e-06,False,-3.056198465396409e-06,measured_local,14:30,15:00,4.859165,0.4663916666666666,488744890.33000004
netdata_5g,netdata_channel,12,12,29,qaoa,nominal,3222,4.751855,4.751855,True,0.0,0.021474291919730604,0.021474291919730604,36864,120,0.004107963137693739,,9.644,0.0,0.0003720530185185186,False,-0.0003720530185185186,modeled_qpu,14:30,15:00,4.859165,0.4663916666666666,488744890.33000004
netdata_5g,netdata_channel,12,12,29,qaoa_warm,nominal,745,5.11523,4.751855,True,0.0,0.026978124980814755,0.026978124980814755,36864,114,0.00120000062217035,9.133294224739075e-05,9.1868,0.06317527128204735,0.0003544148351851852,False,-0.06352968611723253,modeled_qpu,14:30,15:00,5.21918,0.4663916666666666,488744890.33000004
netdata_5g,netdata_channel,12,12,30,task_specific,local,1198,5.591489999999999,4.859165,True,0.0,8.791603613644838e-05,8.791603613644838e-05,36864,48,,,8.791603613644838e-05,0.12498794623465963,3.5736240614723006e-09,False,-0.12498794980828369,measured_local,15:00,15:30,5.41296,0.4544250000000001,494381419.79999995
netdata_5g,netdata_channel,12,12,30,milp,local,873,4.859165,4.859165,True,0.0,0.08928133291192353,0.08928133291192353,36864,15,,,0.08928133291192353,0.0,3.6291208470680032e-06,False,-3.6291208470680032e-06,measured_local,15:00,15:30,4.39776,0.4544250000000001,494381419.79999995
netdata_5g,netdata_channel,12,12,30,qaoa,nominal,873,4.859165,4.859165,True,0.0,0.02116224996279925,0.02116224996279925,36864,119,0.003859047220056781,,9.5678,0.0,0.0003889133518518519,False,-0.0003889133518518519,modeled_qpu,15:00,15:30,4.39776,0.4544250000000001,494381419.79999995
netdata_5g,netdata_channel,12,12,30,qaoa_warm,nominal,3222,4.859165,4.859165,True,0.0,0.03005462500732392,0.03005462500732392,36864,128,0.002371602162250495,9.483401663601398e-05,10.2536,0.0,0.00041678985185185195,False,-0.00041678985185185195,modeled_qpu,15:00,15:30,4.39776,0.4544250000000001,494381419.79999995
netdata_5g,netdata_channel,12,12,31,task_specific,local,2729,5.0197,4.39776,True,0.0,8.90000956133008e-05,8.90000956133008e-05,36864,48,,,8.90000956133008e-05,0.11522186981266311,3.812994837062434e-09,False,-0.11522187362565794,measured_local,15:30,16:00,5.337444999999999,0.4578583333333334,483517217.20000005
netdata_5g,netdata_channel,12,12,31,milp,local,3222,4.39776,4.39776,True,0.0,0.07843470794614404,0.07843470794614404,36864,11,,,0.07843470794614404,0.0,3.360346237655634e-06,False,-3.360346237655634e-06,measured_local,15:30,16:00,4.889795,0.4578583333333334,483517217.20000005
netdata_5g,netdata_channel,12,12,31,qaoa,nominal,3222,4.39776,4.39776,True,0.0,0.021094750030897558,0.021094750030897558,36864,118,0.004158324164589324,,9.4916,0.0,0.00040664475185185183,False,-0.00040664475185185183,modeled_qpu,15:30,16:00,4.889795,0.4578583333333334,483517217.20000005
netdata_5g,netdata_channel,12,12,31,qaoa_warm,nominal,873,4.39776,4.39776,True,0.0,0.028094041044823825,0.028094041044823825,36864,118,0.0021087971128756792,9.266601409763098e-05,9.4916,0.0,0.00040664475185185183,False,-0.00040664475185185183,modeled_qpu,15:30,16:00,4.889795,0.4578583333333334,483517217.20000005
netdata_5g,netdata_channel,12,12,32,task_specific,local,3222,4.8897949999999994,4.53308,True,0.0,9.1583002358675e-05,9.1583002358675e-05,36864,48,,,9.1583002358675e-05,0.06446951788154147,2.871296722096977e-09,False,-0.0644695207528382,measured_local,16:00,16:30,5.1143849999999995,0.49457499999999993,544311728.34
netdata_5g,netdata_channel,12,12,32,milp,local,2961,4.53308,4.53308,True,0.0,0.08190816710703075,0.08190816710703075,36864,11,,,0.08190816710703075,0.0,2.5679727205963527e-06,False,-2.5679727205963527e-06,measured_local,16:00,16:30,4.7473849999999995,0.49457499999999993,544311728.34
netdata_5g,netdata_channel,12,12,32,qaoa,nominal,2961,4.53308,4.53308,True,0.0,0.02018420898821205,0.02018420898821205,36864,113,0.0038406130985568364,,9.1106,0.0,0.0002856341814814814,False,-0.0002856341814814814,modeled_qpu,16:00,16:30,4.7473849999999995,0.49457499999999993,544311728.34
netdata_5g,netdata_channel,12,12,32,qaoa_warm,nominal,2961,4.53308,4.53308,True,0.0,0.026420542038977146,0.026420542038977146,36864,112,0.000661450233045196,9.125005453824997e-05,9.0344,0.0,0.0002832451703703703,False,-0.0002832451703703703,modeled_qpu,16:00,16:30,4.7473849999999995,0.49457499999999993,544311728.34
netdata_5g,netdata_channel,12,12,33,task_specific,local,3222,5.114385,4.7473849999999995,True,0.0,9.44589264690876e-05,9.44589264690876e-05,36864,48,,,9.44589264690876e-05,0.06385512715782933,4.955157851024222e-09,False,-0.06385513211298718,measured_local,16:30,17:00,4.10388,0.40015,459439292.50999993
netdata_5g,netdata_channel,12,12,33,milp,local,2961,4.7473849999999995,4.7473849999999995,True,0.0,0.07041225000284612,0.07041225000284612,36864,5,,,0.07041225000284612,0.0,3.693709281399304e-06,False,-3.693709281399304e-06,measured_local,16:30,17:00,4.464049999999999,0.40015,459439292.50999993
netdata_5g,netdata_channel,12,12,33,qaoa,nominal,2961,4.7473849999999995,4.7473849999999995,True,0.0,0.020386958960443735,0.020386958960443735,36864,114,0.0039039602960769058,,9.1868,0.0,0.0004819242166666668,False,-0.0004819242166666668,modeled_qpu,16:30,17:00,4.464049999999999,0.40015,459439292.50999993
netdata_5g,netdata_channel,12,12,33,qaoa_warm,nominal,3182,4.830914999999999,4.7473849999999995,True,0.0,0.02634020906407386,0.02634020906407386,36864,111,0.0006690581457836375,9.383296128362417e-05,8.9582,0.014533566134859534,0.0004699322416666668,False,-0.015003498376526201,modeled_qpu,16:30,17:00,4.129955,0.40015,459439292.50999993
netdata_5g,netdata_channel,12,12,34,task_specific,local,681,4.6955849999999995,4.10388,True,0.0,8.762499783188105e-05,8.762499783188105e-05,36864,48,,,8.762499783188105e-05,0.11593238869252397,1.8121336357176497e-09,False,-0.1159323905046576,measured_local,17:00,17:30,4.38461,0.3788416666666667,406761070.92
netdata_5g,netdata_channel,12,12,34,milp,local,3222,4.10388,4.10388,True,0.0,0.08200787496753037,0.08200787496753037,36864,17,,,0.08200787496753037,0.0,1.6959684142590643e-06,False,-1.6959684142590643e-06,measured_local,17:00,17:30,4.08179,0.3788416666666667,406761070.92
netdata_5g,netdata_channel,12,12,34,qaoa,nominal,3222,4.10388,4.10388,True,0.0,0.020038333954289556,0.020038333954289556,36864,112,0.004053837427500489,,9.0344,0.0,0.00018683641111111096,False,-0.00018683641111111096,modeled_qpu,17:00,17:30,4.08179,0.3788416666666667,406761070.92
netdata_5g,netdata_channel,12,12,34,qaoa_warm,nominal,873,4.10388,4.10388,True,0.0,0.027181082987226546,0.027181082987226546,36864,116,0.006131681243881838,9.395892266184092e-05,9.3392,0.0,0.0001931398444444443,False,-0.0001931398444444443,modeled_qpu,17:00,17:30,4.08179,0.3788416666666667,406761070.92
netdata_5g,netdata_channel,12,12,35,task_specific,local,3244,4.812085,4.08179,True,0.0,8.929194882512093e-05,8.929194882512093e-05,36864,48,,,8.929194882512093e-05,0.14370822092215538,4.147941733848441e-09,False,-0.14370822507009712,measured_local,17:30,18:00,5.389454999999999,0.43505833333333327,444837067.47
netdata_5g,netdata_channel,12,12,35,milp,local,3222,4.08179,4.08179,True,0.0,0.09082150005269796,0.09082150005269796,36864,17,,,0.09082150005269796,0.0,4.218995053373941e-06,False,-4.218995053373941e-06,measured_local,17:30,18:00,4.457415,0.43505833333333327,444837067.47
netdata_5g,netdata_channel,12,12,35,qaoa,nominal,873,4.08179,4.08179,True,0.0,0.020928582991473377,0.020928582991473377,36864,117,0.00374204790870234,,9.4154,0.0,0.00043738020185185177,False,-0.00043738020185185177,modeled_qpu,17:30,18:00,4.457415,0.43505833333333327,444837067.47
netdata_5g,netdata_channel,12,12,35,qaoa_warm,nominal,3222,4.08179,4.08179,True,0.0,0.02911337499972433,0.02911337499972433,36864,124,0.002674021331536122,9.495799895375967e-05,9.9488,0.0,0.00046215860740740736,False,-0.00046215860740740736,modeled_qpu,17:30,18:00,4.457415,0.43505833333333327,444837067.47
netdata_5g,netdata_channel,12,12,36,task_specific,local,681,5.018425,4.425535,True,0.0,9.620899800211191e-05,9.620899800211191e-05,36864,48,,,9.620899800211191e-05,0.10927770256758083,3.901363951391195e-09,False,-0.10927770646894479,measured_local,18:00,18:30,4.696795,0.42488333333333334,429146822.56999993
netdata_5g,netdata_channel,12,12,36,milp,local,913,4.425535,4.425535,True,0.0,0.08410970796830952,0.08410970796830952,36864,13,,,0.08410970796830952,0.0,3.4107265374741807e-06,False,-3.4107265374741807e-06,measured_local,18:00,18:30,4.37617,0.42488333333333334,429146822.56999993
netdata_5g,netdata_channel,12,12,36,qaoa,nominal,913,4.425535,4.425535,True,0.0,0.020125583047047257,0.020125583047047257,36864,113,0.0038318986821335994,,9.1106,0.0,0.00036944326574074067,False,-0.00036944326574074067,modeled_qpu,18:00,18:30,4.37617,0.42488333333333334,429146822.56999993
netdata_5g,netdata_channel,12,12,36,qaoa_warm,nominal,913,4.425535,4.425535,True,0.0,0.026622500037774444,0.026622500037774444,36864,113,0.0023031097348173166,9.516708087176085e-05,9.1106,0.0,0.00036944326574074067,False,-0.00036944326574074067,modeled_qpu,18:00,18:30,4.37617,0.42488333333333334,429146822.56999993
netdata_5g,netdata_channel,12,12,37,task_specific,local,3406,5.23114,4.35698,True,0.0,0.00010099995415657759,0.00010099995415657759,36864,48,,,0.00010099995415657759,0.16318149405075244,4.4804701885570675e-09,False,-0.16318149853122263,measured_local,18:30,19:00,4.71316,0.36225,378838854.06000006
netdata_5g,netdata_channel,12,12,37,milp,local,3222,4.35698,4.35698,True,0.0,0.08578045794274658,0.08578045794274658,36864,11,,,0.08578045794274658,0.0,3.8053164259601754e-06,False,-3.8053164259601754e-06,measured_local,18:30,19:00,3.94374,0.36225,378838854.06000006
netdata_5g,netdata_channel,12,12,37,qaoa,nominal,873,4.35698,4.35698,True,0.0,0.019300624961033463,0.019300624961033463,36864,108,0.0039239261460181345,,8.7296,0.0,0.00038725475555555564,False,-0.00038725475555555564,modeled_qpu,18:30,19:00,3.94374,0.36225,378838854.06000006
netdata_5g,netdata_channel,12,12,37,qaoa_warm,nominal,873,4.35698,4.35698,True,0.0,0.027400665916502476,0.027400665916502476,36864,116,0.001026478125078227,9.433308150619268e-05,9.3392,0.0,0.000414297288888889,False,-0.000414297288888889,modeled_qpu,18:30,19:00,3.94374,0.36225,378838854.06000006
netdata_5g,netdata_channel,12,12,38,task_specific,local,853,4.7896149999999995,3.905555,True,0.0,9.179196786135435e-05,9.179196786135435e-05,36864,48,,,9.179196786135435e-05,0.1802161019497283,2.4881572769825445e-09,False,-0.18021610443788558,measured_local,19:00,19:30,4.692585,0.35482499999999995,357376166.16
netdata_5g,netdata_channel,12,12,38,milp,local,3178,3.905555,3.905555,True,0.0,0.07448487496003509,0.07448487496003509,36864,11,,,0.07448487496003509,0.0,2.0190228837546544e-06,False,-2.0190228837546544e-06,measured_local,19:00,19:30,3.77656,0.35482499999999995,357376166.16
netdata_5g,netdata_channel,12,12,38,qaoa,nominal,3178,3.905555,3.905555,True,0.0,0.021276624989695847,0.021276624989695847,36864,119,0.0037028112424229644,,9.5678,0.0,0.00025934939351851847,False,-0.00025934939351851847,modeled_qpu,19:00,19:30,3.77656,0.35482499999999995,357376166.16
netdata_5g,netdata_channel,12,12,38,qaoa_warm,nominal,917,3.905555,3.905555,True,0.0,0.029364915913902223,0.029364915913902223,36864,124,0.018842565099142693,8.91250092536211e-05,9.9488,0.0,0.0002696769629629629,False,-0.0002696769629629629,modeled_qpu,19:00,19:30,3.77656,0.35482499999999995,357376166.16
netdata_5g,netdata_channel,12,12,39,task_specific,local,873,4.101845,3.77656,True,0.0,8.824991527944803e-05,8.824991527944803e-05,36864,48,,,8.824991527944803e-05,0.0681002646255883,3.660737226406734e-09,False,-0.06810026828632552,measured_local,19:30,20:00,4.26415,0.392125,398316874.73
netdata_5g,netdata_channel,12,12,39,milp,local,3178,3.77656,3.77656,True,0.0,0.08737320802174509,0.08737320802174509,36864,15,,,0.08737320802174509,0.0,3.6243701105316485e-06,False,-3.6243701105316485e-06,measured_local,19:30,20:00,4.2383500000000005,0.392125,398316874.73
netdata_5g,netdata_channel,12,12,39,qaoa,nominal,3178,3.77656,3.77656,True,0.0,0.020889458945021033,0.020889458945021033,36864,117,0.0036106357255597417,,9.4154,0.0,0.0003905647407407408,False,-0.0003905647407407408,modeled_qpu,19:30,20:00,4.2383500000000005,0.392125,398316874.73
netdata_5g,netdata_channel,12,12,39,qaoa_warm,nominal,3178,3.77656,3.77656,True,0.0,0.029957083985209465,0.029957083985209465,36864,128,0.0006237405511691017,9.125005453824997e-05,10.2536,0.0,0.00042533451851851857,False,-0.00042533451851851857,modeled_qpu,19:30,20:00,4.2383500000000005,0.392125,398316874.73
netdata_5g,netdata_channel,12,12,40,task_specific,local,1388,4.348515,4.2383500000000005,True,0.0,8.462497498840094e-05,8.462497498840094e-05,36864,48,,,8.462497498840094e-05,0.02103047715406557,3.3818647412031344e-09,False,-0.02103048053593031,measured_local,20:00,20:30,4.752815,0.3990916666666666,365938048.58000004
netdata_5g,netdata_channel,12,12,40,milp,local,3178,4.2383500000000005,4.2383500000000005,True,0.0,0.08995637495536357,0.08995637495536357,36864,19,,,0.08995637495536357,0.0,3.594923280623604e-06,False,-3.594923280623604e-06,measured_local,20:00,20:30,4.310945,0.3990916666666666,365938048.58000004
netdata_5g,netdata_channel,12,12,40,qaoa,nominal,917,4.2383500000000005,4.2383500000000005,True,0.0,0.019514707964845,0.019514707964845,36864,110,0.003489162451083004,,8.882,0.0,0.0003549510370370371,False,-0.0003549510370370371,modeled_qpu,20:00,20:30,4.310945,0.3990916666666666,365938048.58000004
netdata_5g,netdata_channel,12,12,40,qaoa_warm,nominal,3178,4.2383500000000005,4.2383500000000005,True,0.0,0.030267124995589256,0.030267124995589256,36864,129,0.001714231594401756,8.837494533509016e-05,10.3298,0.0,0.0004128094148148149,False,-0.0004128094148148149,modeled_qpu,20:00,20:30,4.310945,0.3990916666666666,365938048.58000004
netdata_5g,netdata_channel,12,12,41,task_specific,local,873,4.68693,4.310945,True,0.0,8.758297190070152e-05,8.758297190070152e-05,36864,48,,,8.758297190070152e-05,0.07079436898706351,3.978943070655482e-09,False,-0.07079437296600657,measured_local,20:30,21:00,4.688675,0.35325,268651076.54999995
netdata_5g,netdata_channel,12,12,41,milp,local,917,4.310945,4.310945,True,0.0,0.08411837508901954,0.08411837508901954,36864,19,,,0.08411837508901954,0.0,3.821544512724762e-06,False,-3.821544512724762e-06,measured_local,20:30,21:00,4.31567,0.35325,268651076.54999995
netdata_5g,netdata_channel,12,12,41,qaoa,nominal,917,4.310945,4.310945,True,0.0,0.020764207933098078,0.020764207933098078,36864,117,0.0034250709380106692,,9.4154,0.0,0.00042774685277777776,False,-0.00042774685277777776,modeled_qpu,20:30,21:00,4.31567,0.35325,268651076.54999995
netdata_5g,netdata_channel,12,12,41,qaoa_warm,nominal,1134,4.370455,4.310945,True,0.0,0.030043749953620136,0.030043749953620136,36864,127,0.0005884771826350171,0.00010483304504305124,10.1774,0.011205162169820908,0.00046236493611111115,False,-0.011667527105932019,modeled_qpu,20:30,21:00,4.260795,0.35325,268651076.54999995
netdata_5g,netdata_channel,12,12,42,task_specific,local,873,4.688675,4.166615,True,0.0,9.28329536691308e-05,9.28329536691308e-05,36864,48,,,9.28329536691308e-05,0.10104488141655604,5.771545068623877e-09,False,-0.10104488718810112,measured_local,21:00,21:30,4.415175,0.27719166666666667,201918533.03
netdata_5g,netdata_channel,12,12,42,milp,local,2964,4.166615,4.166615,True,0.0,0.09699783299583942,0.09699783299583942,36864,23,,,0.09699783299583942,0.0,6.0304810152829975e-06,False,-6.0304810152829975e-06,measured_local,21:00,21:30,3.629535,0.27719166666666667,201918533.03
netdata_5g,netdata_channel,12,12,42,qaoa,nominal,1131,4.166615,4.166615,True,0.0,0.0198617500718683,0.0198617500718683,36864,112,0.003172033778161776,,9.0344,0.0,0.0005616803592592592,False,-0.0005616803592592592,modeled_qpu,21:00,21:30,3.629535,0.27719166666666667,201918533.03
netdata_5g,netdata_channel,12,12,42,qaoa_warm,nominal,2961,4.260795,4.166615,True,0.0,0.026130791986361146,0.026130791986361146,36864,112,0.002014829137087116,9.258394129574299e-05,9.0344,0.01822856938246796,0.0005616803592592592,False,-0.01879024974172722,modeled_qpu,21:00,21:30,3.8631800000000003,0.27719166666666667,201918533.03
netdata_5g,netdata_channel,12,12,43,task_specific,local,1238,3.8029,3.569255,True,0.0,8.962501306086779e-05,8.962501306086779e-05,36864,48,,,8.962501306086779e-05,0.051134156443446495,6.4861953896642835e-09,False,-0.05113416292964188,measured_local,21:30,22:00,2.801865,0.19109166666666666,155900316.42000002
netdata_5g,netdata_channel,12,12,43,milp,local,2860,3.569255,3.569255,True,0.0,0.10281779197975993,0.10281779197975993,36864,23,,,0.10281779197975993,0.0,7.440961686238922e-06,False,-7.440961686238922e-06,measured_local,21:30,22:00,2.728445,0.19109166666666666,155900316.42000002
netdata_5g,netdata_channel,12,12,43,qaoa,nominal,1235,3.569255,3.569255,True,0.0,0.020006291917525232,0.020006291917525232,36864,113,0.0027052148747224265,,9.1106,0.0,0.0006593374962962963,False,-0.0006593374962962963,modeled_qpu,21:30,22:00,2.728445,0.19109166666666666,155900316.42000002
netdata_5g,netdata_channel,12,12,43,qaoa_warm,nominal,1235,3.569255,3.569255,True,0.0,0.027350209071300924,0.027350209071300924,36864,115,0.012997971432748565,9.049999061971903e-05,9.263,0.0,0.0006703667407407407,False,-0.0006703667407407407,modeled_qpu,21:30,22:00,2.728445,0.19109166666666666,155900316.42000002
netdata_5g,netdata_channel,12,12,44,task_specific,local,2259,2.767335,2.670655,True,0.0,8.991698268800974e-05,8.991698268800974e-05,36864,48,,,8.991698268800974e-05,0.02633862348817857,1.8249817227047899e-09,False,-0.02633862531316029,measured_local,22:00,22:30,2.7413999999999996,0.18580833333333335,153592367.52
netdata_5g,netdata_channel,12,12,44,milp,local,917,2.670655,2.670655,True,0.0,0.12595570809207857,0.12595570809207857,36864,39,,,0.12595570809207857,0.0,2.556434371646631e-06,False,-2.556434371646631e-06,measured_local,22:00,22:30,2.8568000000000002,0.18580833333333335,153592367.52
netdata_5g,netdata_channel,12,12,44,qaoa,nominal,917,2.670655,2.670655,True,0.0,0.02150083298329264,0.02150083298329264,36864,121,0.0030428447338142015,,9.7202,0.0,0.00019728405925925922,False,-0.00019728405925925922,modeled_qpu,22:00,22:30,2.8568000000000002,0.18580833333333335,153592367.52
netdata_5g,netdata_channel,12,12,44,qaoa_warm,nominal,3178,2.670655,2.670655,True,0.0,0.026682000025175512,0.026682000025175512,36864,114,0.0005408955753634843,8.975004311650991e-05,9.1868,0.0,0.00018645801481481476,False,-0.00018645801481481476,modeled_qpu,22:00,22:30,2.8568000000000002,0.18580833333333335,153592367.52
netdata_5g,netdata_channel,12,12,45,task_specific,local,1257,2.8585149999999997,2.6630149999999997,True,0.0,9.079196024686098e-05,9.079196024686098e-05,36864,48,,,9.079196024686098e-05,0.05337133481571875,3.9465079386934155e-09,False,-0.05337133876222669,measured_local,22:30,23:00,2.9403799999999998,0.17536666666666667,132001677.32000001
netdata_5g,netdata_channel,12,12,45,milp,local,1235,2.6630149999999997,2.6630149999999997,True,0.0,0.11439595802221447,0.11439595802221447,36864,26,,,0.11439595802221447,0.0,4.9725168975489434e-06,False,-4.9725168975489434e-06,measured_local,22:30,23:00,2.6641049999999997,0.17536666666666667,132001677.32000001
netdata_5g,netdata_channel,12,12,45,qaoa,nominal,3282,2.71353,2.6630149999999997,True,0.0,0.020255250041373074,0.020255250041373074,36864,114,0.0029307818459580397,,9.1868,0.01379055231824066,0.0003993280796296296,False,-0.01418988039787029,modeled_qpu,22:30,23:00,2.86964,0.17536666666666667,132001677.32000001
netdata_5g,netdata_channel,12,12,45,qaoa_warm,nominal,1235,2.6630149999999997,2.6630149999999997,True,0.0,0.02696779102552682,0.02696779102552682,36864,115,0.002146244140648614,9.45419305935502e-05,9.263,0.0,0.00040264031018518516,False,-0.00040264031018518516,modeled_qpu,22:30,23:00,2.6641049999999997,0.17536666666666667,132001677.32000001
netdata_5g,netdata_channel,12,12,46,task_specific,local,1251,2.7531999999999996,2.664105,True,0.0,9.195809252560139e-05,9.195809252560139e-05,36864,48,,,9.195809252560139e-05,0.02431562414286694,3.3611534281926983e-09,False,-0.02431562750402037,measured_local,23:00,23:30,2.5563199999999995,0.11414166666666668,48348663.16
netdata_5g,netdata_channel,12,12,46,milp,local,2860,2.664105,2.664105,True,0.0,0.1251771670067683,0.1251771670067683,36864,31,,,0.1251771670067683,0.0,4.575341358881646e-06,False,-4.575341358881646e-06,measured_local,23:00,23:30,2.4580200000000003,0.11414166666666668,48348663.16
netdata_5g,netdata_channel,12,12,46,qaoa,nominal,2860,2.664105,2.664105,True,0.0,0.020407708012498915,0.020407708012498915,36864,115,0.002784284341997793,,9.263,0.0,0.0003385712268518518,False,-0.0003385712268518518,modeled_qpu,23:00,23:30,2.4580200000000003,0.11414166666666668,48348663.16
netdata_5g,netdata_channel,12,12,46,qaoa_warm,nominal,1235,2.664105,2.664105,True,0.0,0.026820957893505692,0.026820957893505692,36864,114,0.013114667597624608,9.374995715916157e-05,9.1868,0.0,0.00033578604629629625,False,-0.00033578604629629625,modeled_qpu,23:00,23:30,2.4580200000000003,0.11414166666666668,48348663.16
