task,size_label,seed,aggregation,optimum_probability,hit_probability_1024,expected_normalized_cost
channel,6,15,circular_mean,0.10974946034692676,1.0,0.17289631521985593
channel,6,15,component_circular_median,0.10945526728017964,1.0,0.17299493514541575
channel,6,15,observed_circular_medoid,0.10889690638278349,1.0,0.17328609451733898
channel,6,16,circular_mean,0.12365020649119295,1.0,0.18047804686727986
channel,6,16,component_circular_median,0.12322869317201797,1.0,0.1806899480184212
channel,6,16,observed_circular_medoid,0.1222704320180988,1.0,0.1811963815439966
channel,6,17,circular_mean,0.09724054951575092,1.0,0.15373943489799619
channel,6,17,component_circular_median,0.09709376736164917,1.0,0.1534947577089082
channel,6,17,observed_circular_medoid,0.09663602508871404,1.0,0.15331024047035746
channel,6,18,circular_mean,0.12759130782428404,1.0,0.1833106495629777
channel,6,18,component_circular_median,0.127166872231299,1.0,0.18340508271916425
channel,6,18,observed_circular_medoid,0.1260904880910253,1.0,0.18368109026243648
channel,6,19,circular_mean,0.08848986626188816,1.0,0.1713922546418028
channel,6,19,component_circular_median,0.08799331507968149,1.0,0.17147886725870226
channel,6,19,observed_circular_medoid,0.0875543735246029,1.0,0.1714679965743598
channel,6,20,circular_mean,0.09828589010172374,1.0,0.1399512309059185
channel,6,20,component_circular_median,0.09815666514051456,1.0,0.13981242890734913
channel,6,20,observed_circular_medoid,0.09765129112293067,1.0,0.1399049801476544
channel,6,21,circular_mean,0.1304578806443875,1.0,0.1881675348539587
channel,6,21,component_circular_median,0.1299725349490453,1.0,0.18840053126491912
channel,6,21,observed_circular_medoid,0.12895623060753864,1.0,0.18875863944681381
channel,6,22,circular_mean,0.08781800762678438,1.0,0.16839562152370668
channel,6,22,component_circular_median,0.08738442795653986,1.0,0.16838668909783533
channel,6,22,observed_circular_medoid,0.08702282881521618,1.0,0.1686198286394131
channel,6,23,circular_mean,0.08913019486100127,1.0,0.15578517661569014
channel,6,23,component_circular_median,0.088752663130962,1.0,0.15592354143525064
channel,6,23,observed_circular_medoid,0.08851196509826256,1.0,0.15602278792001284
channel,6,24,circular_mean,0.10371504276969908,1.0,0.17703091900782908
channel,6,24,component_circular_median,0.10322818438591722,1.0,0.17703460493283607
channel,6,24,observed_circular_medoid,0.10252839244773398,1.0,0.17727446905919103
channel,6,25,circular_mean,0.11662238187434831,1.0,0.1737301739036986
channel,6,25,component_circular_median,0.11631112720225635,1.0,0.17366641557460466
channel,6,25,observed_circular_medoid,0.11541191448539001,1.0,0.17377489899678705
channel,6,26,circular_mean,0.11560012761701906,1.0,0.1871592966123889
channel,6,26,component_circular_median,0.11526269972570218,1.0,0.18711966983260914
channel,6,26,observed_circular_medoid,0.11449285588314169,1.0,0.18725114751975042
channel,6,27,circular_mean,0.13543220811155363,1.0,0.21832075631422437
channel,6,27,component_circular_median,0.13490085475574548,1.0,0.21839399071173088
channel,6,27,observed_circular_medoid,0.13367851064949135,1.0,0.21883038582960868
channel,6,28,circular_mean,0.14124164660876448,1.0,0.20352502683731433
channel,6,28,component_circular_median,0.14064979465065022,1.0,0.2038268073715696
channel,6,28,observed_circular_medoid,0.1393111360926527,1.0,0.20459897920589196
channel,6,29,circular_mean,0.11063333835026039,1.0,0.15847530371205149
channel,6,29,component_circular_median,0.11040437106587314,1.0,0.15823764474791197
channel,6,29,observed_circular_medoid,0.1095340525602605,1.0,0.15817832978975768
channel,8,15,circular_mean,0.07274508656817559,1.0,0.2809535635088183
channel,8,15,component_circular_median,0.07336686831601588,1.0,0.28076481590125235
channel,8,15,observed_circular_medoid,0.07516721529789862,1.0,0.2805058387774635
channel,8,16,circular_mean,0.05505862029231327,1.0,0.1898986805868481
channel,8,16,component_circular_median,0.05534827005163882,1.0,0.1897049346806241
channel,8,16,observed_circular_medoid,0.056114022393231516,1.0,0.1893394593951621
channel,8,17,circular_mean,0.04900681731864187,1.0,0.1835231049977552
channel,8,17,component_circular_median,0.04925288442497912,1.0,0.1835604372167295
channel,8,17,observed_circular_medoid,0.04975923797211774,1.0,0.184102387067286
channel,8,18,circular_mean,0.052118853485563006,1.0,0.15924478027953706
channel,8,18,component_circular_median,0.052388237789030435,1.0,0.1592448911963211
channel,8,18,observed_circular_medoid,0.05293748737359901,1.0,0.1591360223363798
channel,8,19,circular_mean,0.04536160269418355,1.0,0.16549718282572173
channel,8,19,component_circular_median,0.045542650262421124,1.0,0.16551770717474784
channel,8,19,observed_circular_medoid,0.045958925512131064,1.0,0.1657108321013872
channel,8,20,circular_mean,0.036944182878665535,1.0,0.1370251553399211
channel,8,20,component_circular_median,0.03703510365316759,1.0,0.13713829799385396
channel,8,20,observed_circular_medoid,0.03714181349115202,1.0,0.1377473835419139
channel,8,21,circular_mean,0.04502135532140812,1.0,0.18734026093488543
channel,8,21,component_circular_median,0.045203870129427566,1.0,0.18747302653938042
channel,8,21,observed_circular_medoid,0.045629814304626724,1.0,0.18807214753833973
channel,8,22,circular_mean,0.05412930025940836,1.0,0.20591644509622015
channel,8,22,component_circular_median,0.05440326580016415,1.0,0.20588485560934064
channel,8,22,observed_circular_medoid,0.05508175351626631,1.0,0.20600188628085256
channel,8,23,circular_mean,0.053258747821028796,1.0,0.19594765798291489
channel,8,23,component_circular_median,0.053532040645731076,1.0,0.19584226247030107
channel,8,23,observed_circular_medoid,0.054187902297793536,1.0,0.19586273067636054
channel,8,24,circular_mean,0.048741616822050894,1.0,0.14621977178385112
channel,8,24,component_circular_median,0.04896701929157519,1.0,0.14608423838761814
channel,8,24,observed_circular_medoid,0.04946133022275815,1.0,0.14556115730139418
channel,8,25,circular_mean,0.03196954685756209,0.9999999999999964,0.1564757494482495
channel,8,25,component_circular_median,0.03198247325121277,0.9999999999999964,0.1566275102885079
channel,8,25,observed_circular_medoid,0.03211628287970519,0.999999999999997,0.15719971459500048
channel,8,26,circular_mean,0.05541249905687304,1.0,0.18155382527296599
channel,8,26,component_circular_median,0.05572560422786877,1.0,0.18145857673887544
channel,8,26,observed_circular_medoid,0.0564655539124464,1.0,0.18123075506933256
channel,8,27,circular_mean,0.03786912425700549,1.0,0.1506042106735718
channel,8,27,component_circular_median,0.037975257201734634,1.0,0.15101430585040082
channel,8,27,observed_circular_medoid,0.03803302716831044,1.0,0.1524876437205035
channel,8,28,circular_mean,0.04664781726318474,1.0,0.19017336780982924
channel,8,28,component_circular_median,0.046958408179211125,1.0,0.19014816117652755
channel,8,28,observed_circular_medoid,0.04797124908300597,1.0,0.18989102228745958
channel,8,29,circular_mean,0.04520251494007666,1.0,0.2050038539087907
channel,8,29,component_circular_median,0.04549737675929032,1.0,0.2049817975429268
channel,8,29,observed_circular_medoid,0.046478445145924766,1.0,0.20521079039420506
channel,9,15,circular_mean,0.0045711438270725135,0.9908278395071113,0.3247969497732299
channel,9,15,component_circular_median,0.031465814251642056,0.999999999999994,0.2051694425146382
channel,9,15,observed_circular_medoid,0.03159380842909395,0.9999999999999947,0.20516606414876845
channel,9,16,circular_mean,0.004523081924506521,0.990362969118111,0.2983251619835052
channel,9,16,component_circular_median,0.032800864599903216,0.9999999999999986,0.16981159220871433
channel,9,16,observed_circular_medoid,0.03288394829600216,0.9999999999999987,0.16981459614755984
channel,9,17,circular_mean,0.004544965707953245,0.990577485345312,0.3103300123738262
channel,9,17,component_circular_median,0.028317945154054575,0.9999999999998322,0.19491882255061307
channel,9,17,observed_circular_medoid,0.028391584422654947,0.9999999999998448,0.1949614901760061
channel,9,18,circular_mean,0.004603661755520139,0.9911295897444141,0.3383534191561939
channel,9,18,component_circular_median,0.038870899728933574,1.0,0.21166839548094862
channel,9,18,observed_circular_medoid,0.0390093851464155,1.0,0.21161847002530587
channel,9,19,circular_mean,0.004521010617858159,0.9903424140600602,0.29617865115796277
channel,9,19,component_circular_median,0.030596586973673484,0.9999999999999848,0.15124866756739958
channel,9,19,observed_circular_medoid,0.030682027208438267,0.9999999999999861,0.15118175711716858
channel,9,20,circular_mean,0.004522661840458914,0.9903588038597182,0.299295051981156
channel,9,20,component_circular_median,0.03571536406188227,0.9999999999999999,0.1974480383067449
channel,9,20,observed_circular_medoid,0.03581441663304285,0.9999999999999999,0.19755748009464005
channel,9,21,circular_mean,0.004715223696685422,0.9920914311551746,0.3910255425430498
channel,9,21,component_circular_median,0.054329901930887395,1.0,0.2508297924910633
channel,9,21,observed_circular_medoid,0.05459301631528083,1.0,0.2506678702023601
channel,9,22,circular_mean,0.004488482675287755,0.9900138108508089,0.2830634947008315
channel,9,22,component_circular_median,0.024460806789154334,0.999999999990304,0.15443379441844196
channel,9,22,observed_circular_medoid,0.024506651491198964,0.9999999999907595,0.1544652435005683
channel,9,23,circular_mean,0.004591360992484277,0.991016628958212,0.33296575368309655
channel,9,23,component_circular_median,0.0343798969143775,0.9999999999999998,0.18346954717802844
channel,9,23,observed_circular_medoid,0.03451143137642491,0.9999999999999998,0.18332544961350136
channel,9,24,circular_mean,0.004598782082035009,0.9910849493695972,0.33561039046236074
channel,9,24,component_circular_median,0.04271683367789016,1.0,0.21241008620295385
channel,9,24,observed_circular_medoid,0.042868135713837456,1.0,0.2123888235748444
channel,9,25,circular_mean,0.004489869203953862,0.9900280430807142,0.28288926222678934
channel,9,25,component_circular_median,0.027590363871832595,0.9999999999996388,0.15528380763931857
channel,9,25,observed_circular_medoid,0.02764886209537531,0.9999999999996605,0.1553248895273004
channel,9,26,circular_mean,0.004536489824216099,0.990494972239846,0.30718982892021907
channel,9,26,component_circular_median,0.025709539588280032,0.999999999997388,0.1713301860430398
channel,9,26,observed_circular_medoid,0.025782687551636055,0.9999999999975813,0.17128441180610177
channel,9,27,circular_mean,0.004470725856460263,0.9898297391886476,0.27573256596904056
channel,9,27,component_circular_median,0.02253991386531261,0.999999999927321,0.1613298336225336
channel,9,27,observed_circular_medoid,0.022578620119811495,0.9999999999302092,0.16141308973240912
channel,9,28,circular_mean,0.004614474746561712,0.9912277153994279,0.3436419487613162
channel,9,28,component_circular_median,0.03992054254622094,1.0,0.2090138396275185
channel,9,28,observed_circular_medoid,0.040078224661884265,1.0,0.20891459609771548
channel,9,29,circular_mean,0.004464243822045104,0.9897617035383732,0.27051542770819115
channel,9,29,component_circular_median,0.02521204147456164,0.9999999999955944,0.1569882897504711
channel,9,29,observed_circular_medoid,0.02526648370173475,0.9999999999958393,0.15708167649030053
channel,12,15,circular_mean,0.0013312930175137833,0.7444027446897838,0.2980990399419767
channel,12,15,component_circular_median,0.00843815275418873,0.9998295946327009,0.21748307442014414
channel,12,15,observed_circular_medoid,0.009042226369429057,0.9999086996510324,0.2166418211191422
channel,12,16,circular_mean,0.001311436642992981,0.7391454911614608,0.2772257220607331
channel,12,16,component_circular_median,0.009381036261950738,0.9999356724713641,0.20181715472217043
channel,12,16,observed_circular_medoid,0.009884596355602796,0.9999617812325627,0.20146285949378817
channel,12,17,circular_mean,0.0011898590066760938,0.7045161420183943,0.2466002743345093
channel,12,17,component_circular_median,0.006255919534441226,0.998381383441225,0.17582203613467595
channel,12,17,observed_circular_medoid,0.006496615170454379,0.9987369646684469,0.17609773796131148
channel,12,18,circular_mean,0.0011619757771962973,0.6959475403833311,0.23827491139186502
channel,12,18,component_circular_median,0.006337692595978892,0.9985121894865248,0.1664351416810242
channel,12,18,observed_circular_medoid,0.006702374520215174,0.9989783484267589,0.1665456320441981
channel,12,19,circular_mean,0.001137190522652887,0.6881227871421316,0.22785377795286857
channel,12,19,component_circular_median,0.005259838338883523,0.9954847253637944,0.1614180230564613
channel,12,19,observed_circular_medoid,0.005413708880103656,0.9961462095903613,0.16185201642645491
channel,12,20,circular_mean,0.0012476152376538136,0.7215051236950196,0.25908037375692655
channel,12,20,component_circular_median,0.00821539596372735,0.9997855238857452,0.1991830108445366
channel,12,20,observed_circular_medoid,0.00859883778407364,0.9998556523028227,0.2000791354823337
channel,12,21,circular_mean,0.0012355679638499499,0.7180438941167614,0.2594804801477012
channel,12,21,component_circular_median,0.007228423755754791,0.999406092872582,0.19014192512442224
channel,12,21,observed_circular_medoid,0.007566756585902372,0.9995810765870564,0.19034674198175006
channel,12,22,circular_mean,0.0012475788067066319,0.7214947211907627,0.25160108945739823
channel,12,22,component_circular_median,0.008020894434313069,0.9997378287111208,0.17137019316020097
channel,12,22,observed_circular_medoid,0.008353949305273346,0.9998141138262127,0.1710137442275751
channel,12,23,circular_mean,0.0012801630151517776,0.7306454449648624,0.2769796604174586
channel,12,23,component_circular_median,0.007743015705010125,0.9996507435394458,0.19543364308057787
channel,12,23,observed_circular_medoid,0.008220480983660294,0.9997866469787731,0.1948851780593569
channel,12,24,circular_mean,0.0012087989876858705,0.7101984494418576,0.23626036567016798
channel,12,24,component_circular_median,0.007559941033714234,0.9995781202034525,0.16174686321465825
channel,12,24,observed_circular_medoid,0.007915003154582137,0.9997075476754209,0.1616657093646978
channel,12,25,circular_mean,0.0011860703905914288,0.7033662044665079,0.2324162994059285
channel,12,25,component_circular_median,0.007609137159471909,0.9995990011364648,0.15789596619902968
channel,12,25,observed_circular_medoid,0.007887057620035044,0.9996989893078573,0.15827904023998304
channel,12,26,circular_mean,0.0012009676445406538,0.7078622756905374,0.24315522581954
channel,12,26,component_circular_median,0.007583594676433704,0.9995882920233581,0.17530534389594854
channel,12,26,observed_circular_medoid,0.007977607457752825,0.9997258483661841,0.17599973432151916
channel,12,27,circular_mean,0.0011915406406050758,0.7050251308851532,0.2333555356596
channel,12,27,component_circular_median,0.006764076032100567,0.9990413125271307,0.14979440165341557
channel,12,27,observed_circular_medoid,0.0069567560662221395,0.9992140463373309,0.14951992654200286
channel,12,28,circular_mean,0.001159487829782592,0.695171028611354,0.23587282350173128
channel,12,28,component_circular_median,0.006216432194780813,0.9983141656802235,0.15644427491693405
channel,12,28,observed_circular_medoid,0.006608642499335666,0.9988747050454914,0.1561939896526844
channel,12,29,circular_mean,0.0012646168365767134,0.7263176496988557,0.26688434614526735
channel,12,29,component_circular_median,0.007713664823073496,0.9996400029322969,0.18832114940997227
channel,12,29,observed_circular_medoid,0.008072339669680698,0.9997513886559628,0.18795868074157146
placement,6,15,circular_mean,0.055223385204230514,1.0,0.06351290649048828
placement,6,15,component_circular_median,0.05393867260180759,1.0,0.0648667355223745
placement,6,15,observed_circular_medoid,0.05241586463438421,1.0,0.06701836857668425
placement,6,16,circular_mean,0.06109313812944416,1.0,0.08491509060602259
placement,6,16,component_circular_median,0.0609532973799647,1.0,0.0840530134419902
placement,6,16,observed_circular_medoid,0.06073368593030528,1.0,0.08358495768242365
placement,6,17,circular_mean,0.055400686807889316,1.0,0.08266525710434658
placement,6,17,component_circular_median,0.054719219310699604,1.0,0.0831283854845337
placement,6,17,observed_circular_medoid,0.05386403981123826,1.0,0.0844656311607355
placement,6,18,circular_mean,0.05617702564938468,1.0,0.08423835140966647
placement,6,18,component_circular_median,0.055417156861544546,1.0,0.08480250231546477
placement,6,18,observed_circular_medoid,0.05447441898342347,1.0,0.08623306010131802
placement,6,19,circular_mean,0.059072424766953915,1.0,0.0813928963535338
placement,6,19,component_circular_median,0.05849237824682897,1.0,0.08181728565562495
placement,6,19,observed_circular_medoid,0.05777327063341732,1.0,0.08271067935924131
placement,6,20,circular_mean,0.06128313845297442,1.0,0.08499041274896618
placement,6,20,component_circular_median,0.06115127321555046,1.0,0.08418229769785887
placement,6,20,observed_circular_medoid,0.06094066428694399,1.0,0.08376880913005372
placement,6,21,circular_mean,0.05934970482720158,1.0,0.0818665736867761
placement,6,21,component_circular_median,0.05880469676266599,1.0,0.08228051383628365
placement,6,21,observed_circular_medoid,0.05812543892474517,1.0,0.08316341050201244
placement,6,22,circular_mean,0.05861073417590765,1.0,0.07944602162997658
placement,6,22,component_circular_median,0.05805801407561783,1.0,0.07984658988601995
placement,6,22,observed_circular_medoid,0.057370560561071655,1.0,0.08070872263458435
placement,6,23,circular_mean,0.06117962231765492,1.0,0.0843778806164798
placement,6,23,component_circular_median,0.06104716759793101,1.0,0.08374503070285902
placement,6,23,observed_circular_medoid,0.06083481679892471,1.0,0.08352364594102418
placement,6,24,circular_mean,0.06221941831851263,1.0,0.08956206889179383
placement,6,24,component_circular_median,0.0620649589833063,1.0,0.08880888858184047
placement,6,24,observed_circular_medoid,0.061827112520662496,1.0,0.08845183073582683
placement,6,25,circular_mean,0.0602624737372862,1.0,0.08273177875510926
placement,6,25,component_circular_median,0.05992366061584187,1.0,0.08261293423256025
placement,6,25,observed_circular_medoid,0.059477813026730275,1.0,0.08293747217746864
placement,6,26,circular_mean,0.055277229112458214,1.0,0.07756368946065513
placement,6,26,component_circular_median,0.05436831769980114,1.0,0.07839694651663118
placement,6,26,observed_circular_medoid,0.053262041735538355,1.0,0.08002977144958698
placement,6,27,circular_mean,0.059518529589668946,1.0,0.08335108212646997
placement,6,27,component_circular_median,0.05893863685460731,1.0,0.0837833085443144
placement,6,27,observed_circular_medoid,0.058220227931158205,1.0,0.08467881714871553
placement,6,28,circular_mean,0.06155567769581019,1.0,0.0864097734920615
placement,6,28,component_circular_median,0.061393307123056344,1.0,0.0856791915481096
placement,6,28,observed_circular_medoid,0.06114843289897218,1.0,0.08534039790447683
placement,6,29,circular_mean,0.061569334709178,1.0,0.08714764270581182
placement,6,29,component_circular_median,0.06143321703673533,1.0,0.08626555688784801
placement,6,29,observed_circular_medoid,0.06121681182103639,1.0,0.08577720899419589
placement,8,15,circular_mean,0.004742394213192877,0.9923094520663502,0.20676215109590712
placement,8,15,component_circular_median,0.022042541144855914,0.9999999998776391,0.04069384021411716
placement,8,15,observed_circular_medoid,0.02198774405586946,0.9999999998704133,0.041906797225910265
placement,8,16,circular_mean,0.00468996382151797,0.9918832067172322,0.20050027091887493
placement,8,16,component_circular_median,0.025569489878194743,0.9999999999969739,0.05194822855958471
placement,8,16,observed_circular_medoid,0.02530405370079558,0.9999999999960004,0.051928775995223844
placement,8,17,circular_mean,0.004673797712450559,0.9917470796063349,0.2022176245424114
placement,8,17,component_circular_median,0.025643956406372407,0.9999999999972016,0.05142340271677866
placement,8,17,observed_circular_medoid,0.025112630575815285,0.9999999999951096,0.05211828291695475
placement,8,18,circular_mean,0.004687134293797672,0.9918595436148895,0.20250095736114798
placement,8,18,component_circular_median,0.025268883762319044,0.9999999999958499,0.05169262182083763
placement,8,18,observed_circular_medoid,0.02485708769237584,0.999999999993604,0.05238020054104692
placement,8,19,circular_mean,0.004668604802389134,0.9917028704254646,0.20297549177070634
placement,8,19,component_circular_median,0.026033720465411813,0.9999999999981423,0.04929423753361263
placement,8,19,observed_circular_medoid,0.025421703702397068,0.9999999999964654,0.05010690468203804
placement,8,20,circular_mean,0.004695018055150842,0.9919253039755728,0.19897492647512957
placement,8,20,component_circular_median,0.025255756511941275,0.9999999999957921,0.052806713929044735
placement,8,20,observed_circular_medoid,0.02508394638047607,0.9999999999949599,0.05254045472471786
placement,8,21,circular_mean,0.00468535963922923,0.9918446671731762,0.20246413479567754
placement,8,21,component_circular_median,0.026057566345037333,0.9999999999981883,0.051034620304016856
placement,8,21,observed_circular_medoid,0.025674458655133778,0.99999999999729,0.05130485111735847
placement,8,22,circular_mean,0.0046840861672737145,0.991833975273055,0.2041886194038981
placement,8,22,component_circular_median,0.02665366610218694,0.9999999999990321,0.051469756778166335
placement,8,22,observed_circular_medoid,0.02616967533958226,0.9999999999983897,0.05195531102643908
placement,8,23,circular_mean,0.00469796730100381,0.9919497677161768,0.1999393812509231
placement,8,23,component_circular_median,0.025242068867158803,0.9999999999957313,0.05318842327237513
placement,8,23,observed_circular_medoid,0.025074572961286137,0.9999999999949101,0.052926694713424066
placement,8,24,circular_mean,0.004698132575170088,0.991951136458087,0.20099190563471253
placement,8,24,component_circular_median,0.025504383566577932,0.9999999999967595,0.054389430910371385
placement,8,24,observed_circular_medoid,0.025297263579927776,0.9999999999959718,0.05416951984366332
placement,8,25,circular_mean,0.004688416055318581,0.9918702714052989,0.2002522073406134
placement,8,25,component_circular_median,0.02552864755982835,0.9999999999968411,0.05184695500505827
placement,8,25,observed_circular_medoid,0.02525891317469748,0.9999999999958061,0.051813823060800505
placement,8,26,circular_mean,0.004685684538261444,0.9918473927420471,0.2022726927530763
placement,8,26,component_circular_median,0.0255015180842187,0.9999999999967497,0.050956959922923484
placement,8,26,observed_circular_medoid,0.025068857325475088,0.9999999999948794,0.05165051832996968
placement,8,27,circular_mean,0.004698477422357477,0.9919539916113528,0.20207855751352916
placement,8,27,component_circular_median,0.02562841398635375,0.9999999999971555,0.05111893485113943
placement,8,27,observed_circular_medoid,0.025366026211375802,0.9999999999962524,0.05135182546275964
placement,8,28,circular_mean,0.004690008217269385,0.9918835774470871,0.20106242269462826
placement,8,28,component_circular_median,0.025749000641847205,0.9999999999974941,0.05290018140268876
placement,8,28,observed_circular_medoid,0.025457111469605623,0.9999999999965945,0.05286930191078148
placement,8,29,circular_mean,0.004693073903671388,0.9919091368040029,0.2015211989671083
placement,8,29,component_circular_median,0.025748008558611517,0.9999999999974915,0.0527177969464476
placement,8,29,observed_circular_medoid,0.025470181663515182,0.9999999999966409,0.05273051261622916
placement,9,15,circular_mean,0.009896060119537675,0.9999622316846226,0.0776176329555589
placement,9,15,component_circular_median,0.010508043212393361,0.9999799477653326,0.08547803972919664
placement,9,15,observed_circular_medoid,0.010490718209545221,0.9999795850056282,0.08549120246385107
placement,9,16,circular_mean,0.011831030938901284,0.9999949048035204,0.07715358227039468
placement,9,16,component_circular_median,0.012741941620031736,0.9999980183643947,0.0761983153746496
placement,9,16,observed_circular_medoid,0.012738751368906525,0.9999980117963521,0.07620100112234732
placement,9,17,circular_mean,0.007826387270018246,0.9996795378412004,0.10616678441893529
placement,9,17,component_circular_median,0.008306423126193046,0.9998047637948643,0.11602638144675066
placement,9,17,observed_circular_medoid,0.00829820501451825,0.9998031000105576,0.11600700671023498
placement,9,18,circular_mean,0.007927368390770692,0.999711256555154,0.10596379721451324
placement,9,18,component_circular_median,0.008419240896825927,0.9998262338430896,0.1156521583167611
placement,9,18,observed_circular_medoid,0.008410721883201558,0.9998246983910254,0.11563419065346872
placement,9,19,circular_mean,0.008819927505683552,0.9998851255279283,0.08903043587104773
placement,9,19,component_circular_median,0.009380277113094996,0.9999356219718296,0.09591440963753117
placement,9,19,observed_circular_medoid,0.009370190213776261,0.9999349472073132,0.09591559034668319
placement,9,20,circular_mean,0.013397178111115812,0.9999989959166178,0.08286505897015133
placement,9,20,component_circular_median,0.014404960845993133,0.9999996474074904,0.08170397989436194
placement,9,20,observed_circular_medoid,0.014406581481335917,0.9999996480006814,0.08168240943167246
placement,9,21,circular_mean,0.012424922418204865,0.9999972470110288,0.0801202113738001
placement,9,21,component_circular_median,0.01334962447662656,0.9999989451168174,0.07974173402813108
placement,9,21,observed_circular_medoid,0.01334724148525937,0.9999989425046553,0.0797429338521522
placement,9,22,circular_mean,0.00786688834352668,0.9996926573949304,0.08806885763166243
placement,9,22,component_circular_median,0.008417597978949374,0.9998259387758267,0.09531936853597778
placement,9,22,observed_circular_medoid,0.008411158284397027,0.9998247773755861,0.09529093652384424
placement,9,23,circular_mean,0.012402913058951644,0.9999971834630441,0.07659720417312652
placement,9,23,component_circular_median,0.013363792063175192,0.9999989605143458,0.07502655805361533
placement,9,23,observed_circular_medoid,0.013364243291378808,0.9999989610010398,0.07501167392770297
placement,9,24,circular_mean,0.010607887931497256,0.9999819163424166,0.07333664191675138
placement,9,24,component_circular_median,0.0114547758454817,0.999992475817766,0.0728773819602199
placement,9,24,observed_circular_medoid,0.0114496284345447,0.9999924355915875,0.07287793610896011
placement,9,25,circular_mean,0.00905782875741858,0.9999101598614057,0.08758050876307592
placement,9,25,component_circular_median,0.009709237358183371,0.9999541822799345,0.09186355384431384
placement,9,25,observed_circular_medoid,0.009703145037655203,0.9999538927317886,0.09185627002318572
placement,9,26,circular_mean,0.008763101139234716,0.9998781797860518,0.09201999448330951
placement,9,26,component_circular_median,0.009388618955144446,0.9999361747149419,0.09705183559846481
placement,9,26,observed_circular_medoid,0.009383130263926629,0.9999358115619662,0.09703938708233403
placement,9,27,circular_mean,0.013127034922787486,0.9999986710094698,0.08087612987764414
placement,9,27,component_circular_median,0.014100362935866143,0.9999995161712176,0.07969172982949012
placement,9,27,observed_circular_medoid,0.014097348668081778,0.999999514654097,0.07969945384760221
placement,9,28,circular_mean,0.01297190962047903,0.9999984389350347,0.0790194532204528
placement,9,28,component_circular_median,0.01392564522962477,0.999999419909149,0.07811513838338921
placement,9,28,observed_circular_medoid,0.013922900373945689,0.9999994182532863,0.0781201229716107
placement,9,29,circular_mean,0.011892314214544734,0.9999952183252504,0.07713311419121459
placement,9,29,component_circular_median,0.012813492070259638,0.9999981601085134,0.07614565551276462
placement,9,29,observed_circular_medoid,0.0128104490624016,0.9999981542917559,0.07614755626621475
placement,12,15,circular_mean,0.0006542469331176872,0.48837743889586693,0.09764431388960013
placement,12,15,component_circular_median,0.003522005092894311,0.9730264704589329,0.063492747089368
placement,12,15,observed_circular_medoid,0.0037904842213737876,0.9795307349465631,0.06349242377273429
placement,12,16,circular_mean,0.0007146501628127388,0.5190843473146725,0.12133257833999851
placement,12,16,component_circular_median,0.0035116864136755955,0.9727389316518719,0.04748301272747832
placement,12,16,observed_circular_medoid,0.0035835539262170247,0.9746797295997506,0.047506930096797295
placement,12,17,circular_mean,0.0006066101137049052,0.4627851848683888,0.09293299291474424
placement,12,17,component_circular_median,0.0021034912402386843,0.8842408622987711,0.07393768238927402
placement,12,17,observed_circular_medoid,0.002146630684926453,0.8892536149380155,0.07398162699248967
placement,12,18,circular_mean,0.0006705334521733873,0.496844776429055,0.0929073417126112
placement,12,18,component_circular_median,0.0019117592861859836,0.8590732697230188,0.07515556253424055
placement,12,18,observed_circular_medoid,0.0019002797111535498,0.8574036880229743,0.07521770266047997
placement,12,19,circular_mean,0.0006184615014540818,0.4692692749629146,0.09978559858537336
placement,12,19,component_circular_median,0.00287160400884822,0.9473849255207474,0.06686378832875678
placement,12,19,observed_circular_medoid,0.0030045547994218946,0.9541002402680392,0.06678223281389775
placement,12,20,circular_mean,0.0007681902594594034,0.5447593596924742,0.12527411790381987
placement,12,20,component_circular_median,0.0035108064567514865,0.9727142696566069,0.05225651401680419
placement,12,20,observed_circular_medoid,0.003509098951034344,0.9726663508699918,0.05291515788886174
placement,12,21,circular_mean,0.0007416814546203877,0.5322230015463458,0.12295838807467563
placement,12,21,component_circular_median,0.003533168454874245,0.9733341359485991,0.04954719819312907
placement,12,21,observed_circular_medoid,0.003573104939744188,0.9744063707408169,0.049735449478654034
placement,12,22,circular_mean,0.0005505941336922434,0.43105053624407064,0.09792728171092797
placement,12,22,component_circular_median,0.0026047565126031042,0.9307997295616897,0.06093178032789095
placement,12,22,observed_circular_medoid,0.0027326557308407374,0.9393156694745141,0.06147151184384721
placement,12,23,circular_mean,0.0007113300368747344,0.5174453728767321,0.11223492909951764
placement,12,23,component_circular_median,0.003261876093328554,0.9647616602165916,0.060938536791538406
placement,12,23,observed_circular_medoid,0.0033323341678581048,0.9672223477308859,0.06084750542272891
placement,12,24,circular_mean,0.0006675376601567571,0.495297845173864,0.11675638037593371
placement,12,24,component_circular_median,0.0024659619915957786,0.920202544676884,0.046572981746669365
placement,12,24,observed_circular_medoid,0.002440558819507369,0.9180943121455906,0.04669216855956688
placement,12,25,circular_mean,0.0006060790432184452,0.46249278196435784,0.10427643861054342
placement,12,25,component_circular_median,0.002949408713913599,0.9514255299667849,0.05489341529886046
placement,12,25,observed_circular_medoid,0.0030771068809665797,0.9573963492309793,0.055026476143826164
placement,12,26,circular_mean,0.0005980267060088265,0.4580397011559646,0.10482174758315546
placement,12,26,component_circular_median,0.0028132130903843963,0.9441334726931186,0.055625974036466644
placement,12,26,observed_circular_medoid,0.002913196518730395,0.9495850182004658,0.05583759060296583
placement,12,27,circular_mean,0.0007594261517935146,0.5406522882610336,0.12457570689938627
placement,12,27,component_circular_median,0.003628821019159581,0.9758306812405885,0.04946368817939118
placement,12,27,observed_circular_medoid,0.00366948398889893,0.9768199354001342,0.04966907135737428
placement,12,28,circular_mean,0.0007617805324202835,0.5417592301708964,0.1252165832226126
placement,12,28,component_circular_median,0.003689549497947115,0.9772930814274886,0.050201991691824925
placement,12,28,observed_circular_medoid,0.0037384564574621647,0.9784062862750544,0.050398326688517736
placement,12,29,circular_mean,0.0007217816326865869,0.5225860077741071,0.12186064028786667
placement,12,29,component_circular_median,0.003474429449273467,0.9716750092782455,0.048616413961068264
placement,12,29,observed_circular_medoid,0.0035288966681053867,0.9732168205584616,0.04879446577915003
routing,6,15,circular_mean,0.04676089303707454,1.0,0.06746963227383912
routing,6,15,component_circular_median,0.04731540002513026,1.0,0.06733001764050406
routing,6,15,observed_circular_medoid,0.04712938442628284,1.0,0.06746113384508493
routing,6,16,circular_mean,0.04289879014618107,1.0,0.06649644264926116
routing,6,16,component_circular_median,0.04343481900229655,1.0,0.06646661002478141
routing,6,16,observed_circular_medoid,0.04310948281050902,1.0,0.06645717083552154
routing,6,17,circular_mean,0.04868638240629391,1.0,0.08277157907291934
routing,6,17,component_circular_median,0.0492144006107623,1.0,0.08419639419724624
routing,6,17,observed_circular_medoid,0.049080331049368285,1.0,0.08395066409889901
routing,6,18,circular_mean,0.05713842815205987,1.0,0.08034992801143821
routing,6,18,component_circular_median,0.05799308967318667,1.0,0.07998675414932677
routing,6,18,observed_circular_medoid,0.0579422735387187,1.0,0.07963276493430063
routing,6,19,circular_mean,0.04172928371509156,1.0,0.069705637139534
routing,6,19,component_circular_median,0.042320198113794484,1.0,0.06971170777167565
routing,6,19,observed_circular_medoid,0.04209673518175997,1.0,0.06973979779605077
routing,6,20,circular_mean,0.0452758841121088,1.0,0.06090248066771226
routing,6,20,component_circular_median,0.045662107333262446,1.0,0.06114979395623735
routing,6,20,observed_circular_medoid,0.04534536339081105,1.0,0.06118856558441911
routing,6,21,circular_mean,0.04337187960529513,1.0,0.061558970320250365
routing,6,21,component_circular_median,0.04386721589340201,1.0,0.06160386808583381
routing,6,21,observed_circular_medoid,0.04360023937244492,1.0,0.06160005170883271
routing,6,22,circular_mean,0.03645312834974812,1.0,0.05769615099777239
routing,6,22,component_circular_median,0.03676937291980809,1.0,0.05845483489772153
routing,6,22,observed_circular_medoid,0.036209226832964445,1.0,0.058497523204693855
routing,6,23,circular_mean,0.0448148395283922,1.0,0.07094957004152985
routing,6,23,component_circular_median,0.04545964423279787,1.0,0.07111845137523114
routing,6,23,observed_circular_medoid,0.04527030371204485,1.0,0.07101565855069256
routing,6,24,circular_mean,0.051492022851783,1.0,0.06705064777659922
routing,6,24,component_circular_median,0.052096807655359796,1.0,0.06713426791240673
routing,6,24,observed_circular_medoid,0.05181670859064396,1.0,0.06715432039089397
routing,6,25,circular_mean,0.04764837282251124,1.0,0.05906736526937516
routing,6,25,component_circular_median,0.04810410830124061,1.0,0.05914668093799466
routing,6,25,observed_circular_medoid,0.04774794211595823,1.0,0.059200055937798514
routing,6,26,circular_mean,0.047034118870391564,1.0,0.07512345659816436
routing,6,26,component_circular_median,0.0475970332262889,1.0,0.07545639724845807
routing,6,26,observed_circular_medoid,0.047262679494329836,1.0,0.07561489799133594
routing,6,27,circular_mean,0.04147338580639567,1.0,0.052136419994981684
routing,6,27,component_circular_median,0.041836890243810106,1.0,0.05193901455634285
routing,6,27,observed_circular_medoid,0.04178599415532796,1.0,0.05192821766080119
routing,6,28,circular_mean,0.04402873289101593,1.0,0.05830988031665619
routing,6,28,component_circular_median,0.044431239604572355,1.0,0.05861274100164524
routing,6,28,observed_circular_medoid,0.04400545744622186,1.0,0.058805237618571544
routing,6,29,circular_mean,0.05457700421511858,1.0,0.0779210912627522
routing,6,29,component_circular_median,0.0553215712312296,1.0,0.07762469084470794
routing,6,29,observed_circular_medoid,0.05522161656142148,1.0,0.07752173655265265
routing,8,15,circular_mean,0.0040737755305288725,0.984702506106377,0.195461658370209
routing,8,15,component_circular_median,0.02580204653731112,0.99999999999763,0.03305063337809301
routing,8,15,observed_circular_medoid,0.02580204653731112,0.99999999999763,0.03305063337809301
routing,8,16,circular_mean,0.004110577416925431,0.985270547840394,0.19088327477376194
routing,8,16,component_circular_median,0.01756998616355024,0.9999999869123736,0.0481653310979271
routing,8,16,observed_circular_medoid,0.01756998616355024,0.9999999869123736,0.0481653310979271
routing,8,17,circular_mean,0.0041364273790678524,0.9856568988020403,0.19023440385176657
routing,8,17,component_circular_median,0.020848343299478884,0.9999999995730646,0.05395506001856776
routing,8,17,observed_circular_medoid,0.020848343299478884,0.9999999995730646,0.05395506001856776
routing,8,18,circular_mean,0.004142759726120484,0.9857499873215847,0.20354016959024968
routing,8,18,component_circular_median,0.022126328548023013,0.9999999998879171,0.05357019350452733
routing,8,18,observed_circular_medoid,0.022126328548023013,0.9999999998879171,0.05357019350452733
routing,8,19,circular_mean,0.004100248862088593,0.9851132868914563,0.1714346985965578
routing,8,19,component_circular_median,0.022837337908857044,0.9999999999467808,0.04183788193962881
routing,8,19,observed_circular_medoid,0.022837337908857044,0.9999999999467808,0.04183788193962881
routing,8,20,circular_mean,0.004085890461621295,0.984891877588287,0.17721620019737966
routing,8,20,component_circular_median,0.02062796301607914,0.999999999462418,0.04572101179941157
routing,8,20,observed_circular_medoid,0.02062796301607914,0.999999999462418,0.04572101179941157
routing,8,21,circular_mean,0.0040589719607318575,0.9844678857766985,0.17081951048094962
routing,8,21,component_circular_median,0.020449722805450203,0.9999999993523007,0.03828734707065241
routing,8,21,observed_circular_medoid,0.020449722805450203,0.9999999993523007,0.03828734707065241
routing,8,22,circular_mean,0.004013649772254544,0.9837269922171173,0.15751702920044472
routing,8,22,component_circular_median,0.01670186996018642,0.9999999676660789,0.03911301295654404
routing,8,22,observed_circular_medoid,0.01670186996018642,0.9999999676660789,0.03911301295654404
routing,8,23,circular_mean,0.004148776950862276,0.9858378840694682,0.19354446531323255
routing,8,23,component_circular_median,0.01694603700353382,0.999999974926503,0.05420611350992172
routing,8,23,observed_circular_medoid,0.01694603700353382,0.999999974926503,0.05420611350992172
routing,8,24,circular_mean,0.004111742831199742,0.9852881877288464,0.19741914036557934
routing,8,24,component_circular_median,0.020655327013104532,0.999999999477581,0.049629820506782475
routing,8,24,observed_circular_medoid,0.020655327013104532,0.999999999477581,0.049629820506782475
routing,8,25,circular_mean,0.004107485299663537,0.9852236426080763,0.18966333362789428
routing,8,25,component_circular_median,0.023601594843419244,0.9999999999761158,0.033075565232547365
routing,8,25,observed_circular_medoid,0.023601594843419244,0.9999999999761158,0.033075565232547365
routing,8,26,circular_mean,0.0040831883106203695,0.9848498435570505,0.17042954874163502
routing,8,26,component_circular_median,0.020078535324194534,0.9999999990453124,0.044318784578988316
routing,8,26,observed_circular_medoid,0.020078535324194534,0.9999999990453124,0.044318784578988316
routing,8,27,circular_mean,0.004056505577433696,0.9844284484276278,0.170414870002872
routing,8,27,component_circular_median,0.016192310695284887,0.9999999450386078,0.04409013697618768
routing,8,27,observed_circular_medoid,0.016192310695284887,0.9999999450386078,0.04409013697618768
routing,8,28,circular_mean,0.004081149932294342,0.9848180577276939,0.18281780541077536
routing,8,28,component_circular_median,0.020604383704470906,0.9999999994490001,0.05485650934155725
routing,8,28,observed_circular_medoid,0.020604383704470906,0.9999999994490001,0.05485650934155725
routing,8,29,circular_mean,0.004004876374923947,0.9835795436845526,0.16828699093439017
routing,8,29,component_circular_median,0.01671919001393874,0.9999999682440623,0.04786536611701626
routing,8,29,observed_circular_medoid,0.01671919001393874,0.9999999682440623,0.04786536611701626
routing,9,15,circular_mean,0.002127676828292923,0.8870784776027651,0.1758693203552763
routing,9,15,component_circular_median,0.01047300306553489,0.9999792072968534,0.04833028853531278
routing,9,15,observed_circular_medoid,0.009856213200181218,0.9999606427273633,0.048841233423236416
routing,9,16,circular_mean,0.002134429276377552,0.8878582370110454,0.16559574752362727
routing,9,16,component_circular_median,0.009011930239900942,0.9999057962069512,0.04053861669030705
routing,9,16,observed_circular_medoid,0.009061543283256689,0.9999105040472578,0.04097016664328826
routing,9,17,circular_mean,0.002153124944507683,0.889989224695864,0.19432937847159593
routing,9,17,component_circular_median,0.012039605483752507,0.9999958952782692,0.057172972632371734
routing,9,17,observed_circular_medoid,0.011385467324815308,0.9999919157806926,0.05823236011777703
routing,9,18,circular_mean,0.002131542062722195,0.8875254877338075,0.20063037757410113
routing,9,18,component_circular_median,0.010982472021310053,0.9999877288794077,0.07199155249003068
routing,9,18,observed_circular_medoid,0.01086555318119026,0.9999861498536955,0.07098401135580194
routing,9,19,circular_mean,0.0021361114759109426,0.888051655672531,0.18337766449950849
routing,9,19,component_circular_median,0.009790047604665697,0.999957855402558,0.04813432898141239
routing,9,19,observed_circular_medoid,0.009482531849977785,0.9999420797773274,0.0493436079341112
routing,9,20,circular_mean,0.002096628226310658,0.8834227493176985,0.1675777057349534
routing,9,20,component_circular_median,0.009909574127073065,0.9999627558911496,0.058320044736298
routing,9,20,observed_circular_medoid,0.009162759254859853,0.9999193922230374,0.05806570352520004
routing,9,21,circular_mean,0.0021277160560453823,0.887083023152318,0.16947321714658817
routing,9,21,component_circular_median,0.009444367471335811,0.9999397489328459,0.053531801401072
routing,9,21,observed_circular_medoid,0.009030934936247199,0.9999076281318551,0.05328054521323056
routing,9,22,circular_mean,0.0020591235285484116,0.8788488516039372,0.14468633431763245
routing,9,22,component_circular_median,0.006912652417673291,0.9991774779041437,0.05400480994509773
routing,9,22,observed_circular_medoid,0.006633397750456512,0.9989030574075471,0.05376639088079808
routing,9,23,circular_mean,0.002167734438182261,0.8916262602406959,0.18789403130536342
routing,9,23,component_circular_median,0.01149026249306079,0.9999927473851419,0.0546213312252576
routing,9,23,observed_circular_medoid,0.011028196683697845,0.9999882962944933,0.056330916640486964
routing,9,24,circular_mean,0.0021367605730913905,0.8881261994773005,0.20669449620761962
routing,9,24,component_circular_median,0.011151700609930246,0.9999897012839841,0.06759437267070681
routing,9,24,observed_circular_medoid,0.011132445642977896,0.9999894938743786,0.0660815157105897
routing,9,25,circular_mean,0.0021154020831631007,0.8856471152598053,0.1443862745692981
routing,9,25,component_circular_median,0.00896551109033726,0.9999011676684171,0.04442910498922974
routing,9,25,observed_circular_medoid,0.008761258724941923,0.9998779477037043,0.04354084990260804
routing,9,26,circular_mean,0.002143319411370852,0.888876654988831,0.1874608850147187
routing,9,26,component_circular_median,0.012245136831053589,0.9999966829132675,0.04172189649476765
routing,9,26,observed_circular_medoid,0.011232823012190817,0.999990531129474,0.043711769150087815
routing,9,27,circular_mean,0.002120636540517034,0.8862597106030745,0.17791312379266203
routing,9,27,component_circular_median,0.009739700056086884,0.9999556030491444,0.06499625744121237
routing,9,27,observed_circular_medoid,0.00980605173704866,0.9999585471718964,0.0632644789008405
routing,9,28,circular_mean,0.0021144278300245594,0.8855327338422576,0.1688158816821438
routing,9,28,component_circular_median,0.009394137061676017,0.9999365377450572,0.039928254569531835
routing,9,28,observed_circular_medoid,0.008926850996921474,0.9998971398717225,0.04097105562698314
routing,9,29,circular_mean,0.0021361100032912987,0.8880514864971135,0.16488110413564347
routing,9,29,component_circular_median,0.009984739330662747,0.9999655416518228,0.04537563564436475
routing,9,29,observed_circular_medoid,0.009433347860819605,0.9999390586522565,0.045829436723100025
routing,12,15,circular_mean,0.0011367936645745296,0.6879958755639012,0.07255551445417888
routing,12,15,component_circular_median,0.003889966795201442,0.9815205070646125,0.032029608917373165
routing,12,15,observed_circular_medoid,0.0038196336546862564,0.9801349587730105,0.03200953719500299
routing,12,16,circular_mean,0.0009602109318432021,0.6260855919317205,0.0709656816121575
routing,12,16,component_circular_median,0.0026388429161406006,0.9331795921680351,0.0402316022787801
routing,12,16,observed_circular_medoid,0.0026480412117772835,0.9338076749182332,0.04020199562680006
routing,12,17,circular_mean,0.0011018379633761068,0.6766125449740326,0.06387439827724006
routing,12,17,component_circular_median,0.00497198564374746,0.9939276668761041,0.03553765930316277
routing,12,17,observed_circular_medoid,0.004683348956482743,0.991827779351235,0.03590783622332716
routing,12,18,circular_mean,0.0010790049078028593,0.6689538712545653,0.057703979477008685
routing,12,18,component_circular_median,0.004215797755136826,0.986781029318619,0.03746883011763304
routing,12,18,observed_circular_medoid,0.003988674727533981,0.9833037364423914,0.03791030189413512
routing,12,19,circular_mean,0.0012038008873277986,0.7087096265830615,0.06959653211214814
routing,12,19,component_circular_median,0.0044754354691143305,0.989878887966645,0.030423789898007925
routing,12,19,observed_circular_medoid,0.004351013136129784,0.9884971275054588,0.03073371756065907
routing,12,20,circular_mean,0.0012975280945849888,0.7353988041237711,0.06698416184287265
routing,12,20,component_circular_median,0.007431778690798742,0.9995184790001755,0.029801981396186845
routing,12,20,observed_circular_medoid,0.006845888114882716,0.9991188608463881,0.030331619570700453
routing,12,21,circular_mean,0.0010277823078131945,0.6511071061662136,0.06451616439912808
routing,12,21,component_circular_median,0.0026127288157973827,0.9313638214600666,0.02952958839582802
routing,12,21,observed_circular_medoid,0.0026383886400546627,0.933148419233456,0.0295455493858961
routing,12,22,circular_mean,0.0008766652206137196,0.59265667937169,0.05759563269832389
routing,12,22,component_circular_median,0.0034636591345806904,0.9713597900081063,0.03495246179822524
routing,12,22,observed_circular_medoid,0.003287620797158066,0.9656814680937789,0.03501983401227859
routing,12,23,circular_mean,0.000993077894566975,0.6384724517441985,0.061388322550991
routing,12,23,component_circular_median,0.004392494833481986,0.988977562007498,0.029688177169762995
routing,12,23,observed_circular_medoid,0.0041849883620050056,0.9863555224365709,0.029737473386146508
routing,12,24,circular_mean,0.0009657432101525212,0.6281998784436702,0.06892212309000129
routing,12,24,component_circular_median,0.00458691716230454,0.9909754678146705,0.038735735461019404
routing,12,24,observed_circular_medoid,0.004335612231703593,0.9883134792200577,0.03875762680686124
routing,12,25,circular_mean,0.000976859154154916,0.6324120503619307,0.06675557938871607
routing,12,25,component_circular_median,0.0030456858480734286,0.9559989327450815,0.02730499741137961
routing,12,25,observed_circular_medoid,0.003039488732641744,0.9557179633169117,0.02699306842924378
routing,12,26,circular_mean,0.0010731920160633596,0.6669753401483998,0.06420046788897917
routing,12,26,component_circular_median,0.0036562610550327696,0.9765027665724076,0.03623870032453079
routing,12,26,observed_circular_medoid,0.0035841729584548373,0.9746958324470815,0.03646873089097312
routing,12,27,circular_mean,0.0011265943474718274,0.6847164663810832,0.061546187722391815
routing,12,27,component_circular_median,0.0035650369373726163,0.974193286020003,0.02427620782862284
routing,12,27,observed_circular_medoid,0.003539763054831603,0.9735142352060413,0.024146324801573842
routing,12,28,circular_mean,0.0009681933566346651,0.6291324377510723,0.061422134551479914
routing,12,28,component_circular_median,0.0031446890368891467,0.9602535765119018,0.02505177307177632
routing,12,28,observed_circular_medoid,0.003108105841114894,0.9587315394864624,0.02499157506074342
routing,12,29,circular_mean,0.0009792571984592678,0.6333144725381646,0.06836407127982337
routing,12,29,component_circular_median,0.004354696986902926,0.9885406266164393,0.030980730083195327
routing,12,29,observed_circular_medoid,0.0041601986650014085,0.9860032399332221,0.030877145579577832
