experiment,task,size_label,n_vars,seed,algorithm,profile,solution,cost,optimum,feasible,runtime_s,evals,deadline_s,volatility,success_prob,delay_s,gap,staleness_loss,deadline_miss,utility,timing_evidence,next_max_utilization,next_overflow,trace_interval_s
abilene_trace,abilene_routing,12,12,0,exact,local,585,3.9801586057258884,3.9801586057258884,True,1.2625008821487427e-05,4096,300.0,0.0005301245357045137,,1.2625008821487427e-05,0.0,6.692826939756412e-09,False,-6.692826939756412e-09,measured_local,0.9563316902316134,0.0,300.0
abilene_trace,abilene_routing,12,12,0,local_search,local,585,3.9801586057258884,3.9801586057258884,True,0.00019474991131573915,1452,300.0,0.0005301245357045137,,0.00019474991131573915,0.0,1.0324170631475145e-07,False,-1.0324170631475145e-07,measured_local,0.9563316902316134,0.0,300.0
abilene_trace,abilene_routing,12,12,0,annealing,local,585,3.9801586057258884,3.9801586057258884,True,0.001029833103530109,960,300.0,0.0005301245357045137,,0.001029833103530109,0.0,5.459397958620374e-07,False,-5.459397958620374e-07,measured_local,0.9563316902316134,0.0,300.0
abilene_trace,abilene_routing,12,12,0,mean_field,local,585,3.9801586057258884,3.9801586057258884,True,0.008214500034227967,90,300.0,0.0005301245357045137,,0.008214500034227967,0.0,4.354708016689813e-06,False,-4.354708016689813e-06,measured_local,0.9563316902316134,0.0,300.0
abilene_trace,abilene_routing,12,12,0,qaoa,optimistic,585,3.9801586057258884,3.9801586057258884,True,0.02069891698192805,113,300.0,0.0005301245357045137,0.0032400571505241636,1.4496200000000001,0.0,0.0007684791294479773,False,-0.0007684791294479773,modeled_qpu,0.9563316902316134,0.0,300.0
abilene_trace,abilene_routing,12,12,0,qaoa,nominal,585,3.9801586057258884,3.9801586057258884,True,0.02069891698192805,113,300.0,0.0005301245357045137,0.0032400571505241636,9.1106,0.0,0.0048297525949895425,False,-0.0048297525949895425,modeled_qpu,0.9563316902316134,0.0,300.0
abilene_trace,abilene_routing,12,12,0,qaoa,stressed,585,3.9801586057258884,3.9801586057258884,True,0.02069891698192805,113,300.0,0.0005301245357045137,0.0032400571505241636,41.702400000000004,0.0,0.022107465437763915,False,-0.022107465437763915,modeled_qpu,0.9563316902316134,0.0,300.0
abilene_trace,abilene_routing,12,12,69,exact,local,585,3.9346121734436292,3.9346121734436292,True,1.0041985660791397e-05,4096,300.0,0.0007594878556186478,,1.0041985660791397e-05,0.0,7.626766155667668e-09,False,-7.626766155667668e-09,measured_local,0.7314474800821316,0.0,300.0
abilene_trace,abilene_routing,12,12,69,local_search,local,585,3.9346121734436292,3.9346121734436292,True,0.00017549993935972452,1320,300.0,0.0007594878556186478,,0.00017549993935972452,0.0,1.332900726055199e-07,False,-1.332900726055199e-07,measured_local,0.7314474800821316,0.0,300.0
abilene_trace,abilene_routing,12,12,69,annealing,local,2121,6.5750294558157005,3.9346121734436292,True,0.0010432499693706632,960,300.0,0.0007594878556186478,,0.0010432499693706632,0.5350810133736307,7.923356821115449e-07,False,-0.5350818057093127,measured_local,0.7314474800821316,0.0,300.0
abilene_trace,abilene_routing,12,12,69,mean_field,local,585,3.9346121734436292,3.9346121734436292,True,0.007617915980517864,88,300.0,0.0007594878556186478,,0.007617915980517864,0.0,5.785714672326541e-06,False,-5.785714672326541e-06,measured_local,0.7314474800821316,0.0,300.0
abilene_trace,abilene_routing,12,12,69,qaoa,optimistic,585,3.9346121734436292,3.9346121734436292,True,0.017620833008550107,98,300.0,0.0007594878556186478,0.0012930943442877893,1.25852,0.0,0.0009558306560531806,False,-0.0009558306560531806,modeled_qpu,0.7314474800821316,0.0,300.0
abilene_trace,abilene_routing,12,12,69,qaoa,nominal,585,3.9346121734436292,3.9346121734436292,True,0.017620833008550107,98,300.0,0.0007594878556186478,0.0012930943442877893,7.9676,0.0,0.006051295438427137,False,-0.006051295438427137,modeled_qpu,0.7314474800821316,0.0,300.0
abilene_trace,abilene_routing,12,12,69,qaoa,stressed,585,3.9346121734436292,3.9346121734436292,True,0.017620833008550107,98,300.0,0.0007594878556186478,0.0012930943442877893,36.830400000000004,0.0,0.02797224151757705,False,-0.02797224151757705,modeled_qpu,0.7314474800821316,0.0,300.0
abilene_trace,abilene_routing,12,12,138,exact,local,585,7.321012430432651,7.321012430432651,True,7.750000804662704e-06,4096,300.0,0.00024301992161850894,,7.750000804662704e-06,0.0,1.8834045880925115e-09,False,-1.8834045880925115e-09,measured_local,0.8709256419891686,0.0,300.0
abilene_trace,abilene_routing,12,12,138,local_search,local,585,7.321012430432651,7.321012430432651,True,0.00019175000488758087,1584,300.0,0.00024301992161850894,,0.00019175000488758087,0.0,4.659907115812861e-08,False,-4.659907115812861e-08,measured_local,0.8709256419891686,0.0,300.0
abilene_trace,abilene_routing,12,12,138,annealing,local,586,7.321012430432651,7.321012430432651,True,0.001052208011969924,960,300.0,0.00024301992161850894,,0.001052208011969924,0.0,2.5570750859529806e-07,False,-2.5570750859529806e-07,measured_local,0.8709256419891686,0.0,300.0
abilene_trace,abilene_routing,12,12,138,mean_field,local,585,7.321012430432651,7.321012430432651,True,0.010228291037492454,124,300.0,0.00024301992161850894,,0.010228291037492454,0.0,2.4856784862227136e-06,False,-2.4856784862227136e-06,measured_local,0.8709256419891686,0.0,300.0
abilene_trace,abilene_routing,12,12,138,qaoa,optimistic,586,7.321012430432651,7.321012430432651,True,0.02265112497843802,125,300.0,0.00024301992161850894,0.0047420277879544215,1.6025000000000003,0.0,0.0003894394243936606,False,-0.0003894394243936606,modeled_qpu,0.8709256419891686,0.0,300.0
abilene_trace,abilene_routing,12,12,138,qaoa,nominal,586,7.321012430432651,7.321012430432651,True,0.02265112497843802,125,300.0,0.00024301992161850894,0.0047420277879544215,10.025,0.0,0.0024362747142255524,False,-0.0024362747142255524,modeled_qpu,0.8709256419891686,0.0,300.0
abilene_trace,abilene_routing,12,12,138,qaoa,stressed,586,7.321012430432651,7.321012430432651,True,0.02265112497843802,125,300.0,0.00024301992161850894,0.0047420277879544215,45.6,0.0,0.011081708425804008,False,-0.011081708425804008,modeled_qpu,0.8709256419891686,0.0,300.0
abilene_trace,abilene_routing,12,12,208,exact,local,585,9.573767676400028,9.573767676400028,True,8.416944183409214e-06,4096,300.0,0.0006634938639173419,,8.416944183409214e-06,0.0,5.584590818626775e-09,False,-5.584590818626775e-09,measured_local,0.9210274470224987,0.0,300.0
abilene_trace,abilene_routing,12,12,208,local_search,local,1097,9.573767676400028,9.573767676400028,True,0.00016779196448624134,1272,300.0,0.0006634938639173419,,0.00016779196448624134,0.0,1.1132893885125767e-07,False,-1.1132893885125767e-07,measured_local,0.9210274470224987,0.0,300.0
abilene_trace,abilene_routing,12,12,208,annealing,local,585,9.573767676400028,9.573767676400028,True,0.0010090419091284275,960,300.0,0.0006634938639173419,,0.0010090419091284275,0.0,6.694931151421517e-07,False,-6.694931151421517e-07,measured_local,0.9210274470224987,0.0,300.0
abilene_trace,abilene_routing,12,12,208,mean_field,local,585,9.573767676400028,9.573767676400028,True,0.009845583001151681,119,300.0,0.0006634938639173419,,0.009845583001151681,0.0,6.532483907953028e-06,False,-6.532483907953028e-06,measured_local,0.9210274470224987,0.0,300.0
abilene_trace,abilene_routing,12,12,208,qaoa,optimistic,1097,9.573767676400028,9.573767676400028,True,0.01797662500757724,99,300.0,0.0006634938639173419,0.005514344410156655,1.27126,0.0,0.0008434732094435601,False,-0.0008434732094435601,modeled_qpu,0.9210274470224987,0.0,300.0
abilene_trace,abilene_routing,12,12,208,qaoa,nominal,1097,9.573767676400028,9.573767676400028,True,0.01797662500757724,99,300.0,0.0006634938639173419,0.005514344410156655,8.043800000000001,0.0,0.005337011942578315,False,-0.005337011942578315,modeled_qpu,0.9210274470224987,0.0,300.0
abilene_trace,abilene_routing,12,12,208,qaoa,stressed,1097,9.573767676400028,9.573767676400028,True,0.01797662500757724,99,300.0,0.0006634938639173419,0.005514344410156655,37.1552,0.0,0.02465224721262162,False,-0.02465224721262162,modeled_qpu,0.9210274470224987,0.0,300.0
abilene_trace,abilene_routing,12,12,277,exact,local,585,6.634779757251929,6.634779757251929,True,1.0707997716963291e-05,4096,300.0,0.004557910622857662,,1.0707997716963291e-05,0.0,4.880609654368258e-08,False,-4.880609654368258e-08,measured_local,2.075773103730494,6.46676312025981,300.0
abilene_trace,abilene_routing,12,12,277,local_search,local,585,6.634779757251929,6.634779757251929,True,0.00016566691920161247,1296,300.0,0.004557910622857662,,0.00016566691920161247,0.0,7.550950108851315e-07,False,-7.550950108851315e-07,measured_local,2.075773103730494,6.46676312025981,300.0
abilene_trace,abilene_routing,12,12,277,annealing,local,777,7.4697751099638126,6.634779757251929,True,0.0010580000234767795,960,300.0,0.004557910622857662,,0.0010580000234767795,0.10936731369608402,4.822269545988469e-06,False,-0.10937213596563,measured_local,2.075773103730494,7.967229565535661,300.0
abilene_trace,abilene_routing,12,12,277,mean_field,local,649,6.634779757251929,6.634779757251929,True,0.007592041976749897,89,300.0,0.004557910622857662,,0.007592041976749897,0.0,3.460384877500964e-05,False,-3.460384877500964e-05,measured_local,2.075773103730494,6.46676312025981,300.0
abilene_trace,abilene_routing,12,12,277,qaoa,optimistic,585,6.634779757251929,6.634779757251929,True,0.021655332995578647,119,300.0,0.004557910622857662,0.0036094984965289755,1.5260600000000002,0.0,0.006955645085118165,False,-0.006955645085118165,modeled_qpu,2.075773103730494,6.46676312025981,300.0
abilene_trace,abilene_routing,12,12,277,qaoa,nominal,585,6.634779757251929,6.634779757251929,True,0.021655332995578647,119,300.0,0.004557910622857662,0.0036094984965289755,9.5678,0.0,0.04360917725737754,False,-0.04360917725737754,modeled_qpu,2.075773103730494,6.46676312025981,300.0
abilene_trace,abilene_routing,12,12,277,qaoa,stressed,585,6.634779757251929,6.634779757251929,True,0.021655332995578647,119,300.0,0.004557910622857662,0.0036094984965289755,43.6512,0.0,0.1989582681804844,False,-0.1989582681804844,modeled_qpu,2.075773103730494,6.46676312025981,300.0
abilene_trace,abilene_routing,12,12,347,exact,local,585,4.668402345862397,4.668402345862397,True,9.833951480686665e-06,4096,300.0,0.0003584528370150426,,9.833951480686665e-06,0.0,3.5250078073204137e-09,False,-3.5250078073204137e-09,measured_local,0.7994761774636546,0.0,300.0
abilene_trace,abilene_routing,12,12,347,local_search,local,585,4.668402345862397,4.668402345862397,True,0.00018929096404463053,1392,300.0,0.0003584528370150426,,0.00018929096404463053,0.0,6.785188308311024e-08,False,-6.785188308311024e-08,measured_local,0.7994761774636546,0.0,300.0
abilene_trace,abilene_routing,12,12,347,annealing,local,2185,9.563394980599451,4.668402345862397,True,0.001078665954992175,960,300.0,0.0003584528370150426,,0.001078665954992175,0.863557725098698,3.866508717584854e-07,False,-0.8635581117495698,measured_local,0.9006709939961685,0.0,300.0
abilene_trace,abilene_routing,12,12,347,mean_field,local,585,4.668402345862397,4.668402345862397,True,0.012360624969005585,107,300.0,0.0003584528370150426,,0.012360624969005585,0.0,4.430701087419025e-06,False,-4.430701087419025e-06,measured_local,0.7994761774636546,0.0,300.0
abilene_trace,abilene_routing,12,12,347,qaoa,optimistic,585,4.668402345862397,4.668402345862397,True,0.02487254107836634,114,300.0,0.0003584528370150426,0.002267603110513492,1.46236,0.0,0.0005241870907373178,False,-0.0005241870907373178,modeled_qpu,0.7994761774636546,0.0,300.0
abilene_trace,abilene_routing,12,12,347,qaoa,nominal,585,4.668402345862397,4.668402345862397,True,0.02487254107836634,114,300.0,0.0003584528370150426,0.002267603110513492,9.1868,0.0,0.0032930345230897935,False,-0.0032930345230897935,modeled_qpu,0.7994761774636546,0.0,300.0
abilene_trace,abilene_routing,12,12,347,qaoa,stressed,585,4.668402345862397,4.668402345862397,True,0.02487254107836634,114,300.0,0.0003584528370150426,0.002267603110513492,42.0272,0.0,0.015064769071798599,False,-0.015064769071798599,modeled_qpu,0.7994761774636546,0.0,300.0
abilene_trace,abilene_routing,12,12,416,exact,local,585,6.661634427212159,6.661634427212159,True,1.0207993909716606e-05,4096,300.0,0.0005109209571765508,,1.0207993909716606e-05,0.0,5.2154780192048095e-09,False,-5.2154780192048095e-09,measured_local,0.8314265469800761,0.0,300.0
abilene_trace,abilene_routing,12,12,416,local_search,local,649,6.661634427212159,6.661634427212159,True,0.00046391598880290985,1548,300.0,0.0005109209571765508,,0.00046391598880290985,0.0,2.3702440104868872e-07,False,-2.3702440104868872e-07,measured_local,0.8314265469800761,0.0,300.0
abilene_trace,abilene_routing,12,12,416,annealing,local,777,7.575444681065843,6.661634427212159,True,0.0011673750123009086,960,300.0,0.0005109209571765508,,0.0011673750123009086,0.11927092874701306,5.96436358668768e-07,False,-0.11927152518337172,measured_local,0.8314265469800761,0.0,300.0
abilene_trace,abilene_routing,12,12,416,mean_field,local,585,6.661634427212159,6.661634427212159,True,0.011163124931044877,108,300.0,0.0005109209571765508,,0.011163124931044877,0.0,5.703474474850866e-06,False,-5.703474474850866e-06,measured_local,0.8314265469800761,0.0,300.0
abilene_trace,abilene_routing,12,12,416,qaoa,optimistic,585,6.661634427212159,6.661634427212159,True,0.03012766595929861,113,300.0,0.0005109209571765508,0.007473752559114861,1.4496200000000001,0.0,0.0007406412379422717,False,-0.0007406412379422717,modeled_qpu,0.8314265469800761,0.0,300.0
abilene_trace,abilene_routing,12,12,416,qaoa,nominal,585,6.661634427212159,6.661634427212159,True,0.03012766595929861,113,300.0,0.0005109209571765508,0.007473752559114861,9.1106,0.0,0.004654796472452684,False,-0.004654796472452684,modeled_qpu,0.8314265469800761,0.0,300.0
abilene_trace,abilene_routing,12,12,416,qaoa,stressed,585,6.661634427212159,6.661634427212159,True,0.03012766595929861,113,300.0,0.0005109209571765508,0.007473752559114861,41.702400000000004,0.0,0.021306630124559394,False,-0.021306630124559394,modeled_qpu,0.8314265469800761,0.0,300.0
abilene_trace,abilene_routing,12,12,486,exact,local,585,7.339867567060425,7.339867567060425,True,1.1458061635494232e-05,4096,300.0,0.00017582829655357895,,1.1458061635494232e-05,0.0,2.0146514591748656e-09,False,-2.0146514591748656e-09,measured_local,0.8744864515378403,0.0,300.0
abilene_trace,abilene_routing,12,12,486,local_search,local,593,7.339867567060425,7.339867567060425,True,0.00016850000247359276,1308,300.0,0.00017582829655357895,,0.00016850000247359276,0.0,2.9627068404205654e-08,False,-2.9627068404205654e-08,measured_local,0.8744864515378403,0.0,300.0
abilene_trace,abilene_routing,12,12,486,annealing,local,593,7.339867567060425,7.339867567060425,True,0.0011672499822452664,960,300.0,0.00017582829655357895,,0.0011672499822452664,0.0,2.0523557603038047e-07,False,-2.0523557603038047e-07,measured_local,0.8744864515378403,0.0,300.0
abilene_trace,abilene_routing,12,12,486,mean_field,local,593,7.339867567060425,7.339867567060425,True,0.010061417007818818,100,300.0,0.00017582829655357895,,0.010061417007818818,0.0,1.76908181339999e-06,False,-1.76908181339999e-06,measured_local,0.8744864515378403,0.0,300.0
abilene_trace,abilene_routing,12,12,486,qaoa,optimistic,593,7.339867567060425,7.339867567060425,True,0.019897000049240887,104,300.0,0.00017582829655357895,0.003146217103921431,1.3349600000000001,0.0,0.00023472374276716578,False,-0.00023472374276716578,modeled_qpu,0.8744864515378403,0.0,300.0
abilene_trace,abilene_routing,12,12,486,qaoa,nominal,593,7.339867567060425,7.339867567060425,True,0.019897000049240887,104,300.0,0.00017582829655357895,0.003146217103921431,8.424800000000001,0.0,0.0014813182328045921,False,-0.0014813182328045921,modeled_qpu,0.8744864515378403,0.0,300.0
abilene_trace,abilene_routing,12,12,486,qaoa,stressed,593,7.339867567060425,7.339867567060425,True,0.019897000049240887,104,300.0,0.00017582829655357895,0.003146217103921431,38.7792,0.0,0.006818480677710549,False,-0.006818480677710549,modeled_qpu,0.8744864515378403,0.0,300.0
abilene_trace,abilene_routing,12,12,555,exact,local,585,6.3924901445299,6.3924901445299,True,2.9416056349873543e-05,4096,300.0,0.0002233162148965969,,2.9416056349873543e-05,0.0,6.569082361238764e-09,False,-6.569082361238764e-09,measured_local,0.9365884385195838,0.0,300.0
abilene_trace,abilene_routing,12,12,555,local_search,local,1097,6.3924901445299,6.3924901445299,True,0.0003297500079497695,1344,300.0,0.0002233162148965969,,0.0003297500079497695,0.0,7.363852363746526e-08,False,-7.363852363746526e-08,measured_local,0.9365884385195838,0.0,300.0
abilene_trace,abilene_routing,12,12,555,annealing,local,2121,7.148964175859426,6.3924901445299,True,0.001131540979258716,960,300.0,0.0002233162148965969,,0.001131540979258716,0.10233006964362099,2.5269144848844513e-07,False,-0.10233032233506947,measured_local,0.9365884385195838,0.0,300.0
abilene_trace,abilene_routing,12,12,555,mean_field,local,585,6.3924901445299,6.3924901445299,True,0.009032999980263412,98,300.0,0.0002233162148965969,,0.009032999980263412,0.0,2.0172153647534597e-06,False,-2.0172153647534597e-06,measured_local,0.9365884385195838,0.0,300.0
abilene_trace,abilene_routing,12,12,555,qaoa,optimistic,585,6.3924901445299,6.3924901445299,True,0.023312165983952582,122,300.0,0.0002233162148965969,0.0029684105828921246,1.5642800000000001,0.0,0.00034932908863844863,False,-0.00034932908863844863,modeled_qpu,0.9365884385195838,0.0,300.0
abilene_trace,abilene_routing,12,12,555,qaoa,nominal,585,6.3924901445299,6.3924901445299,True,0.023312165983952582,122,300.0,0.0002233162148965969,0.0029684105828921246,9.7964,0.0,0.002187694967613022,False,-0.002187694967613022,modeled_qpu,0.9365884385195838,0.0,300.0
abilene_trace,abilene_routing,12,12,555,qaoa,stressed,585,6.3924901445299,6.3924901445299,True,0.023312165983952582,122,300.0,0.0002233162148965969,0.0029684105828921246,44.625600000000006,0.0,0.009965620079489576,False,-0.009965620079489576,modeled_qpu,0.9365884385195838,0.0,300.0
abilene_trace,abilene_routing,12,12,625,exact,local,585,6.415341187464881,6.415341187464881,True,1.0665971785783768e-05,4096,300.0,0.00035407977332961447,,1.0665971785783768e-05,0.0,3.7766048722503795e-09,False,-3.7766048722503795e-09,measured_local,0.9524043886848707,0.0,300.0
abilene_trace,abilene_routing,12,12,625,local_search,local,1097,6.415341187464881,6.415341187464881,True,0.00018816697411239147,1452,300.0,0.00035407977332961447,,0.00018816697411239147,0.0,6.662611954183501e-08,False,-6.662611954183501e-08,measured_local,0.9524043886848707,0.0,300.0
abilene_trace,abilene_routing,12,12,625,annealing,local,2185,10.087219411761529,6.415341187464881,True,0.00102154107298702,960,300.0,0.00035407977332961447,,0.00102154107298702,0.4951731999201471,3.617070315701352e-07,False,-0.4951735616271786,measured_local,0.9524043886848707,0.0,300.0
abilene_trace,abilene_routing,12,12,625,mean_field,local,585,6.415341187464881,6.415341187464881,True,0.008169083041138947,97,300.0,0.00035407977332961447,,0.008169083041138947,0.0,2.892507071517276e-06,False,-2.892507071517276e-06,measured_local,0.9524043886848707,0.0,300.0
abilene_trace,abilene_routing,12,12,625,qaoa,optimistic,1097,6.415341187464881,6.415341187464881,True,0.019441667012870312,99,300.0,0.00035407977332961447,0.0019727265045330214,1.27126,0.0,0.0004501274526430057,False,-0.0004501274526430057,modeled_qpu,0.9524043886848707,0.0,300.0
abilene_trace,abilene_routing,12,12,625,qaoa,nominal,1097,6.415341187464881,6.415341187464881,True,0.019441667012870312,99,300.0,0.00035407977332961447,0.0019727265045330214,8.043800000000001,0.0,0.002848146880708753,False,-0.002848146880708753,modeled_qpu,0.9524043886848707,0.0,300.0
abilene_trace,abilene_routing,12,12,625,qaoa,stressed,1097,6.415341187464881,6.415341187464881,True,0.019441667012870312,99,300.0,0.00035407977332961447,0.0019727265045330214,37.1552,0.0,0.013155904794016491,False,-0.013155904794016491,modeled_qpu,0.9524043886848707,0.0,300.0
abilene_trace,abilene_routing,12,12,694,exact,local,585,8.442137631475541,8.442137631475541,True,1.0375049896538258e-05,4096,300.0,0.0006187654630839128,,1.0375049896538258e-05,0.0,6.419722553750196e-09,False,-6.419722553750196e-09,measured_local,0.8480799429739947,0.0,300.0
abilene_trace,abilene_routing,12,12,694,local_search,local,1097,8.442137631475541,8.442137631475541,True,0.00017183390446007252,1296,300.0,0.0006187654630839128,,0.00017183390446007252,0.0,1.0632488546675359e-07,False,-1.0632488546675359e-07,measured_local,0.8480799429739947,0.0,300.0
abilene_trace,abilene_routing,12,12,694,annealing,local,649,8.442137631475541,8.442137631475541,True,0.0010145420674234629,960,300.0,0.0006187654630839128,,0.0010145420674234629,0.0,6.277635921673893e-07,False,-6.277635921673893e-07,measured_local,0.8480799429739947,0.0,300.0
abilene_trace,abilene_routing,12,12,694,mean_field,local,585,8.442137631475541,8.442137631475541,True,0.010494292015209794,122,300.0,0.0006187654630839128,,0.010494292015209794,0.0,6.4935054585290964e-06,False,-6.4935054585290964e-06,measured_local,0.8480799429739947,0.0,300.0
abilene_trace,abilene_routing,12,12,694,qaoa,optimistic,649,8.442137631475541,8.442137631475541,True,0.02160658303182572,104,300.0,0.0006187654630839128,0.005837640502792201,1.3349600000000001,0.0,0.0008260271425985003,False,-0.0008260271425985003,modeled_qpu,0.8480799429739947,0.0,300.0
abilene_trace,abilene_routing,12,12,694,qaoa,nominal,649,8.442137631475541,8.442137631475541,True,0.02160658303182572,104,300.0,0.0006187654630839128,0.005837640502792201,8.424800000000001,0.0,0.005212975273389349,False,-0.005212975273389349,modeled_qpu,0.8480799429739947,0.0,300.0
abilene_trace,abilene_routing,12,12,694,qaoa,stressed,649,8.442137631475541,8.442137631475541,True,0.02160658303182572,104,300.0,0.0006187654630839128,0.005837640502792201,38.7792,0.0,0.023995229646023672,False,-0.023995229646023672,modeled_qpu,0.8480799429739947,0.0,300.0
abilene_trace,abilene_routing,12,12,763,exact,local,585,7.064881517649861,7.064881517649861,True,1.0875053703784943e-05,4096,300.0,0.00026233888675148136,,1.0875053703784943e-05,0.0,2.852949482013516e-09,False,-2.852949482013516e-09,measured_local,0.9806224798227507,0.0,300.0
abilene_trace,abilene_routing,12,12,763,local_search,local,649,7.064881517649861,7.064881517649861,True,0.0001769589725881815,1320,300.0,0.00026233888675148136,,0.0001769589725881815,0.0,4.642321986946944e-08,False,-4.642321986946944e-08,measured_local,0.9806224798227507,0.0,300.0
abilene_trace,abilene_routing,12,12,763,annealing,local,593,10.111946648861538,7.064881517649861,True,0.001131832948885858,960,300.0,0.00026233888675148136,,0.001131832948885858,0.3778189579776497,2.969237957993623e-07,False,-0.37781925490144547,measured_local,0.9806224798227507,0.0,300.0
abilene_trace,abilene_routing,12,12,763,mean_field,local,585,7.064881517649861,7.064881517649861,True,0.008848999976180494,102,300.0,0.00026233888675148136,,0.008848999976180494,0.0,2.3214368026150757e-06,False,-2.3214368026150757e-06,measured_local,0.9806224798227507,0.0,300.0
abilene_trace,abilene_routing,12,12,763,qaoa,optimistic,657,10.111946648861538,7.064881517649861,True,0.022024375037290156,112,300.0,0.00026233888675148136,0.00383541834040143,1.4368800000000002,0.3778189579776497,0.0003769494995954686,False,-0.3781959074772452,modeled_qpu,0.9806224798227507,0.0,300.0
abilene_trace,abilene_routing,12,12,763,qaoa,nominal,657,10.111946648861538,7.064881517649861,True,0.022024375037290156,112,300.0,0.00026233888675148136,0.00383541834040143,9.0344,0.3778189579776497,0.002370074438467583,False,-0.3801890324161173,modeled_qpu,0.9806224798227507,0.0,300.0
abilene_trace,abilene_routing,12,12,763,qaoa,stressed,657,10.111946648861538,7.064881517649861,True,0.022024375037290156,112,300.0,0.00026233888675148136,0.00383541834040143,41.3776,0.3778189579776497,0.010854953520448095,False,-0.38867391149809777,modeled_qpu,0.9806224798227507,0.0,300.0
abilene_trace,abilene_routing,12,12,833,exact,local,585,7.199605529391352,7.199605529391352,True,1.2375065125524998e-05,4096,300.0,0.00025859064086039595,,1.2375065125524998e-05,0.0,3.2000760214986453e-09,False,-3.2000760214986453e-09,measured_local,0.9202755433126127,0.0,300.0
abilene_trace,abilene_routing,12,12,833,local_search,local,1097,7.199605529391352,7.199605529391352,True,0.00017083401326090097,1176,300.0,0.00025859064086039595,,0.00017083401326090097,0.0,4.4176076969889765e-08,False,-4.4176076969889765e-08,measured_local,0.9202755433126127,0.0,300.0
abilene_trace,abilene_routing,12,12,833,annealing,local,2121,8.138823439374288,7.199605529391352,True,0.0010463331127539277,960,300.0,0.00025859064086039595,,0.0010463331127539277,0.11454427979691524,2.705719501804911e-07,False,-0.11454455036886542,measured_local,0.9202755433126127,0.0,300.0
abilene_trace,abilene_routing,12,12,833,mean_field,local,585,7.199605529391352,7.199605529391352,True,0.011658416944555938,134,300.0,0.00025859064086039595,,0.011658416944555938,0.0,3.0147575091104195e-06,False,-3.0147575091104195e-06,measured_local,0.9202755433126127,0.0,300.0
abilene_trace,abilene_routing,12,12,833,qaoa,optimistic,1097,7.199605529391352,7.199605529391352,True,0.02372787508647889,117,300.0,0.00025859064086039595,0.0027453937080008134,1.5005800000000002,0.0,0.000388035943862293,False,-0.000388035943862293,modeled_qpu,0.9202755433126127,0.0,300.0
abilene_trace,abilene_routing,12,12,833,qaoa,nominal,1097,7.199605529391352,7.199605529391352,True,0.02372787508647889,117,300.0,0.00025859064086039595,0.0027453937080008134,9.4154,0.0,0.002434734319956972,False,-0.002434734319956972,modeled_qpu,0.9202755433126127,0.0,300.0
abilene_trace,abilene_routing,12,12,833,qaoa,stressed,1097,7.199605529391352,7.199605529391352,True,0.02372787508647889,117,300.0,0.00025859064086039595,0.0027453937080008134,43.0016,0.0,0.011119811302022404,False,-0.011119811302022404,modeled_qpu,0.9202755433126127,0.0,300.0
abilene_trace,abilene_routing,12,12,902,exact,local,585,5.140074106179602,5.140074106179602,True,9.958050213754177e-06,4096,300.0,0.00012283244419180272,,9.958050213754177e-06,0.0,1.223171647140129e-09,False,-1.223171647140129e-09,measured_local,0.9580972049281762,0.0,300.0
abilene_trace,abilene_routing,12,12,902,local_search,local,585,5.140074106179602,5.140074106179602,True,0.00017204193864017725,1320,300.0,0.00012283244419180272,,0.00017204193864017725,0.0,2.113233182666912e-08,False,-2.113233182666912e-08,measured_local,0.9580972049281762,0.0,300.0
abilene_trace,abilene_routing,12,12,902,annealing,local,585,5.140074106179602,5.140074106179602,True,0.0010701660066843033,960,300.0,0.00012283244419180272,,0.0010701660066843033,0.0,1.3145110629201404e-07,False,-1.3145110629201404e-07,measured_local,0.9580972049281762,0.0,300.0
abilene_trace,abilene_routing,12,12,902,mean_field,local,585,5.140074106179602,5.140074106179602,True,0.008353957906365395,97,300.0,0.00012283244419180272,,0.008353957906365395,0.0,1.0261370683142965e-06,False,-1.0261370683142965e-06,measured_local,0.9580972049281762,0.0,300.0
abilene_trace,abilene_routing,12,12,902,qaoa,optimistic,585,5.140074106179602,5.140074106179602,True,0.0198756669415161,106,300.0,0.00012283244419180272,0.001548178708559592,1.36044,0.0,0.0001671061703762961,False,-0.0001671061703762961,modeled_qpu,0.9580972049281762,0.0,300.0
abilene_trace,abilene_routing,12,12,902,qaoa,nominal,585,5.140074106179602,5.140074106179602,True,0.0198756669415161,106,300.0,0.00012283244419180272,0.001548178708559592,8.577200000000001,0.0,0.0010535584403219304,False,-0.0010535584403219304,modeled_qpu,0.9580972049281762,0.0,300.0
abilene_trace,abilene_routing,12,12,902,qaoa,stressed,585,5.140074106179602,5.140074106179602,True,0.0198756669415161,106,300.0,0.00012283244419180272,0.001548178708559592,39.4288,0.0,0.004843135875549751,False,-0.004843135875549751,modeled_qpu,0.9580972049281762,0.0,300.0
abilene_trace,abilene_routing,12,12,972,exact,local,585,6.9962607694105445,6.9962607694105445,True,1.066701952368021e-05,4096,300.0,0.00023419454646876858,,1.066701952368021e-05,0.0,2.4981577995217867e-09,False,-2.4981577995217867e-09,measured_local,0.8275467416033659,0.0,300.0
abilene_trace,abilene_routing,12,12,972,local_search,local,585,6.9962607694105445,6.9962607694105445,True,0.00017304206266999245,1296,300.0,0.00023419454646876858,,0.00017304206266999245,0.0,4.052550738701911e-08,False,-4.052550738701911e-08,measured_local,0.8275467416033659,0.0,300.0
abilene_trace,abilene_routing,12,12,972,annealing,local,585,6.9962607694105445,6.9962607694105445,True,0.0010394590208306909,960,300.0,0.00023419454646876858,,0.0010394590208306909,0.0,2.434356339563139e-07,False,-2.434356339563139e-07,measured_local,0.8275467416033659,0.0,300.0
abilene_trace,abilene_routing,12,12,972,mean_field,local,586,6.9962607694105445,6.9962607694105445,True,0.01155308389570564,109,300.0,0.00023419454646876858,,0.01155308389570564,0.0,2.7056692432704167e-06,False,-2.7056692432704167e-06,measured_local,0.8275467416033659,0.0,300.0
abilene_trace,abilene_routing,12,12,972,qaoa,optimistic,585,6.9962607694105445,6.9962607694105445,True,0.02304054202977568,112,300.0,0.00023419454646876858,0.0036825729983651677,1.4368800000000002,0.0,0.0003365094599300442,False,-0.0003365094599300442,modeled_qpu,0.8275467416033659,0.0,300.0
abilene_trace,abilene_routing,12,12,972,qaoa,nominal,585,6.9962607694105445,6.9962607694105445,True,0.02304054202977568,112,300.0,0.00023419454646876858,0.0036825729983651677,9.0344,0.0,0.0021158072106174427,False,-0.0021158072106174427,modeled_qpu,0.8275467416033659,0.0,300.0
abilene_trace,abilene_routing,12,12,972,qaoa,stressed,585,6.9962607694105445,6.9962607694105445,True,0.02304054202977568,112,300.0,0.00023419454646876858,0.0036825729983651677,41.3776,0.0,0.009690408265966118,False,-0.009690408265966118,modeled_qpu,0.8275467416033659,0.0,300.0
abilene_trace,abilene_routing,12,12,1041,exact,local,585,7.922144157533392,7.922144157533392,True,9.791925549507141e-06,4096,300.0,0.000174496775479771,,9.791925549507141e-06,0.0,1.708659434126981e-09,False,-1.708659434126981e-09,measured_local,0.9698790269466735,0.0,300.0
abilene_trace,abilene_routing,12,12,1041,local_search,local,593,7.922144157533392,7.922144157533392,True,0.00038879108615219593,1308,300.0,0.000174496775479771,,0.00038879108615219593,0.0,6.784279086883604e-08,False,-6.784279086883604e-08,measured_local,0.9698790269466735,0.0,300.0
abilene_trace,abilene_routing,12,12,1041,annealing,local,593,7.922144157533392,7.922144157533392,True,0.0011746248928830028,960,300.0,0.000174496775479771,,0.0011746248928830028,0.0,2.049682562063554e-07,False,-2.049682562063554e-07,measured_local,0.9698790269466735,0.0,300.0
abilene_trace,abilene_routing,12,12,1041,mean_field,local,585,7.922144157533392,7.922144157533392,True,0.00978974997997284,118,300.0,0.000174496775479771,,0.00978974997997284,0.0,1.7082798042584133e-06,False,-1.7082798042584133e-06,measured_local,0.9698790269466735,0.0,300.0
abilene_trace,abilene_routing,12,12,1041,qaoa,optimistic,609,8.927919608819963,7.922144157533392,True,0.02015845791902393,109,300.0,0.000174496775479771,0.002828593074633956,1.3986600000000002,0.11272799828473366,0.00024406165999253657,False,-0.1129720599447262,modeled_qpu,0.9698790269466735,0.0,300.0
abilene_trace,abilene_routing,12,12,1041,qaoa,nominal,609,8.927919608819963,7.922144157533392,True,0.02015845791902393,109,300.0,0.000174496775479771,0.002828593074633956,8.8058,0.11272799828473366,0.0015365837055197674,False,-0.11426458199025342,modeled_qpu,0.9698790269466735,0.0,300.0
abilene_trace,abilene_routing,12,12,1041,qaoa,stressed,609,8.927919608819963,7.922144157533392,True,0.02015845791902393,109,300.0,0.000174496775479771,0.002828593074633956,40.403200000000005,0.11272799828473366,0.007050228119064285,False,-0.11977822640379795,modeled_qpu,0.9698790269466735,0.0,300.0
abilene_trace,abilene_routing,12,12,1111,exact,local,585,4.375253747789183,4.375253747789183,True,9.624985978007317e-06,4096,300.0,0.00033958431743363003,,9.624985978007317e-06,0.0,3.2684942936498745e-09,False,-3.2684942936498745e-09,measured_local,0.8197939771340589,0.0,300.0
abilene_trace,abilene_routing,12,12,1111,local_search,local,585,4.375253747789183,4.375253747789183,True,0.00023200002033263445,1332,300.0,0.00033958431743363003,,0.00023200002033263445,0.0,7.878356854924596e-08,False,-7.878356854924596e-08,measured_local,0.8197939771340589,0.0,300.0
abilene_trace,abilene_routing,12,12,1111,annealing,local,593,7.38189337393261,4.375253747789183,True,0.001051875064149499,960,300.0,0.00033958431743363003,,0.001051875064149499,0.559348407948191,3.572002756846634e-07,False,-0.5593487651484667,measured_local,0.8197939771340589,0.0,300.0
abilene_trace,abilene_routing,12,12,1111,mean_field,local,585,4.375253747789183,4.375253747789183,True,0.007786875008605421,89,300.0,0.00033958431743363003,,0.007786875008605421,0.0,2.6443006347382635e-06,False,-2.6443006347382635e-06,measured_local,0.8197939771340589,0.0,300.0
abilene_trace,abilene_routing,12,12,1111,qaoa,optimistic,585,4.375253747789183,4.375253747789183,True,0.02830674999859184,114,300.0,0.00033958431743363003,0.002264180955805587,1.46236,0.0,0.0004965945224422433,False,-0.0004965945224422433,modeled_qpu,0.8197939771340589,0.0,300.0
abilene_trace,abilene_routing,12,12,1111,qaoa,nominal,585,4.375253747789183,4.375253747789183,True,0.02830674999859184,114,300.0,0.00033958431743363003,0.002264180955805587,9.1868,0.0,0.0031196932073992724,False,-0.0031196932073992724,modeled_qpu,0.8197939771340589,0.0,300.0
abilene_trace,abilene_routing,12,12,1111,qaoa,stressed,585,4.375253747789183,4.375253747789183,True,0.02830674999859184,114,300.0,0.00033958431743363003,0.002264180955805587,42.0272,0.0,0.014271778025646656,False,-0.014271778025646656,modeled_qpu,0.8197939771340589,0.0,300.0
abilene_trace,abilene_routing,12,12,1180,exact,local,585,7.166493144863326,7.166493144863326,True,9.707990102469921e-06,4096,300.0,0.0001388966129582918,,9.707990102469921e-06,0.0,1.3484069438656922e-09,False,-1.3484069438656922e-09,measured_local,0.9005328468853007,0.0,300.0
abilene_trace,abilene_routing,12,12,1180,local_search,local,1097,7.166493144863326,7.166493144863326,True,0.0001626670127734542,1236,300.0,0.0001388966129582918,,0.0001626670127734542,0.0,2.2593897114275975e-08,False,-2.2593897114275975e-08,measured_local,0.9005328468853007,0.0,300.0
abilene_trace,abilene_routing,12,12,1180,annealing,local,1097,7.166493144863326,7.166493144863326,True,0.0010025420924648643,960,300.0,0.0001388966129582918,,0.0010025420924648643,0.0,1.3924970099148823e-07,False,-1.3924970099148823e-07,measured_local,0.9005328468853007,0.0,300.0
abilene_trace,abilene_routing,12,12,1180,mean_field,local,585,7.166493144863326,7.166493144863326,True,0.009351667016744614,109,300.0,0.0001388966129582918,,0.009351667016744614,0.0,1.2989148741395998e-06,False,-1.2989148741395998e-06,measured_local,0.9005328468853007,0.0,300.0
abilene_trace,abilene_routing,12,12,1180,qaoa,optimistic,1097,7.166493144863326,7.166493144863326,True,0.017451541032642126,94,300.0,0.0001388966129582918,0.0026245379582121066,1.2075600000000002,0.0,0.00016772599394391486,False,-0.00016772599394391486,modeled_qpu,0.9005328468853007,0.0,300.0
abilene_trace,abilene_routing,12,12,1180,qaoa,nominal,1097,7.166493144863326,7.166493144863326,True,0.017451541032642126,94,300.0,0.0001388966129582918,0.0026245379582121066,7.662800000000001,0.0,0.0010643369657767985,False,-0.0010643369657767985,modeled_qpu,0.9005328468853007,0.0,300.0
abilene_trace,abilene_routing,12,12,1180,qaoa,stressed,1097,7.166493144863326,7.166493144863326,True,0.017451541032642126,94,300.0,0.0001388966129582918,0.0026245379582121066,35.5312,0.0,0.004935163334343657,False,-0.004935163334343657,modeled_qpu,0.9005328468853007,0.0,300.0
abilene_trace,abilene_routing,12,12,1250,exact,local,585,7.97962030075605,7.97962030075605,True,1.1750031262636185e-05,4096,300.0,0.0001002145360429588,,1.1750031262636185e-05,0.0,1.1775239314753465e-09,False,-1.1775239314753465e-09,measured_local,0.908138677236292,0.0,300.0
abilene_trace,abilene_routing,12,12,1250,local_search,local,649,7.97962030075605,7.97962030075605,True,0.00017699995078146458,1368,300.0,0.0001002145360429588,,0.00017699995078146458,0.0,1.7737967947191016e-08,False,-1.7737967947191016e-08,measured_local,0.908138677236292,0.0,300.0
abilene_trace,abilene_routing,12,12,1250,annealing,local,585,7.97962030075605,7.97962030075605,True,0.001673041027970612,960,300.0,0.0001002145360429588,,0.001673041027970612,0.0,1.6766303039890973e-07,False,-1.6766303039890973e-07,measured_local,0.908138677236292,0.0,300.0
abilene_trace,abilene_routing,12,12,1250,mean_field,local,585,7.97962030075605,7.97962030075605,True,0.008213166962377727,98,300.0,0.0001002145360429588,,0.008213166962377727,0.0,8.230787165780412e-07,False,-8.230787165780412e-07,measured_local,0.908138677236292,0.0,300.0
abilene_trace,abilene_routing,12,12,1250,qaoa,optimistic,585,7.97962030075605,7.97962030075605,True,0.016583416960202157,91,300.0,0.0001002145360429588,0.001509528471131681,1.16934,0.0,0.00011718486557647345,False,-0.00011718486557647345,modeled_qpu,0.908138677236292,0.0,300.0
abilene_trace,abilene_routing,12,12,1250,qaoa,nominal,585,7.97962030075605,7.97962030075605,True,0.016583416960202157,91,300.0,0.0001002145360429588,0.001509528471131681,7.434200000000001,0.0,0.0007450149038505644,False,-0.0007450149038505644,modeled_qpu,0.908138677236292,0.0,300.0
abilene_trace,abilene_routing,12,12,1250,qaoa,stressed,585,7.97962030075605,7.97962030075605,True,0.016583416960202157,91,300.0,0.0001002145360429588,0.001509528471131681,34.5568,0.0,0.0034630936791293187,False,-0.0034630936791293187,modeled_qpu,0.908138677236292,0.0,300.0
abilene_trace,abilene_routing,12,12,1319,exact,local,585,7.3283819214423955,7.3283819214423955,True,1.237494871020317e-05,4096,300.0,0.00031335877663479545,,1.237494871020317e-05,0.0,3.877798788747605e-09,False,-3.877798788747605e-09,measured_local,0.9712407760613498,0.0,300.0
abilene_trace,abilene_routing,12,12,1319,local_search,local,585,7.3283819214423955,7.3283819214423955,True,0.00023229105863720179,1284,300.0,0.00031335877663479545,,0.00023229105863720179,0.0,7.279044195775509e-08,False,-7.279044195775509e-08,measured_local,0.9712407760613498,0.0,300.0
abilene_trace,abilene_routing,12,12,1319,annealing,local,585,7.3283819214423955,7.3283819214423955,True,0.0015001249266788363,960,300.0,0.00031335877663479545,,0.0015001249266788363,0.0,4.7007731182344236e-07,False,-4.7007731182344236e-07,measured_local,0.9712407760613498,0.0,300.0
abilene_trace,abilene_routing,12,12,1319,mean_field,local,649,7.3283819214423955,7.3283819214423955,True,0.014389374991878867,106,300.0,0.00031335877663479545,,0.014389374991878867,0.0,4.509036943994481e-06,False,-4.509036943994481e-06,measured_local,0.9712407760613498,0.0,300.0
abilene_trace,abilene_routing,12,12,1319,qaoa,optimistic,585,7.3283819214423955,7.3283819214423955,True,0.02644191705621779,111,300.0,0.00031335877663479545,0.0030094974796532354,1.4241400000000002,0.0,0.00044626676815667766,False,-0.00044626676815667766,modeled_qpu,0.9712407760613498,0.0,300.0
abilene_trace,abilene_routing,12,12,1319,qaoa,nominal,585,7.3283819214423955,7.3283819214423955,True,0.02644191705621779,111,300.0,0.00031335877663479545,0.0030094974796532354,8.9582,0.0,0.0028071305928498245,False,-0.0028071305928498245,modeled_qpu,0.9712407760613498,0.0,300.0
abilene_trace,abilene_routing,12,12,1319,qaoa,stressed,585,7.3283819214423955,7.3283819214423955,True,0.02644191705621779,111,300.0,0.00031335877663479545,0.0030094974796532354,41.052800000000005,0.0,0.012864255185432933,False,-0.012864255185432933,modeled_qpu,0.9712407760613498,0.0,300.0
abilene_trace,abilene_routing,12,12,1388,exact,local,585,4.772006872267287,4.772006872267287,True,1.60830095410347e-05,4096,300.0,0.0005417936357516631,,1.60830095410347e-05,0.0,8.713672213065875e-09,False,-8.713672213065875e-09,measured_local,0.9147728518501438,0.0,300.0
abilene_trace,abilene_routing,12,12,1388,local_search,local,649,5.713163379613787,4.772006872267287,True,0.00022849999368190765,1212,300.0,0.0005417936357516631,,0.00022849999368190765,0.1630553338161233,1.237998423461528e-07,False,-0.16305545761596565,measured_local,0.7295855365945727,0.0,300.0
abilene_trace,abilene_routing,12,12,1388,annealing,local,649,5.713163379613787,4.772006872267287,True,0.0016049999976530671,960,300.0,0.0005417936357516631,,0.0016049999976530671,0.1630553338161233,8.695787841098659e-07,False,-0.16305620339490742,measured_local,0.7295855365945727,0.0,300.0
abilene_trace,abilene_routing,12,12,1388,mean_field,local,585,4.772006872267287,4.772006872267287,True,0.011571749928407371,97,300.0,0.0005417936357516631,,0.011571749928407371,0.0,6.269500465720876e-06,False,-6.269500465720876e-06,measured_local,0.9147728518501438,0.0,300.0
abilene_trace,abilene_routing,12,12,1388,qaoa,optimistic,585,4.772006872267287,4.772006872267287,True,0.019060958991758525,95,300.0,0.0005417936357516631,0.0018004406500906256,1.2203000000000002,0.0,0.0006611507737077545,False,-0.0006611507737077545,modeled_qpu,0.9147728518501438,0.0,300.0
abilene_trace,abilene_routing,12,12,1388,qaoa,nominal,585,4.772006872267287,4.772006872267287,True,0.019060958991758525,95,300.0,0.0005417936357516631,0.0018004406500906256,7.739000000000001,0.0,0.004192940947082121,False,-0.004192940947082121,modeled_qpu,0.9147728518501438,0.0,300.0
abilene_trace,abilene_routing,12,12,1388,qaoa,stressed,585,4.772006872267287,4.772006872267287,True,0.019060958991758525,95,300.0,0.0005417936357516631,0.0018004406500906256,35.856,0.0,0.019426552603511633,False,-0.019426552603511633,modeled_qpu,0.9147728518501438,0.0,300.0
abilene_trace,abilene_routing,12,12,1458,exact,local,585,7.049605070349409,7.049605070349409,True,9.541981853544712e-06,4096,300.0,0.0005341680326991859,,9.541981853544712e-06,0.0,5.09702167475931e-09,False,-5.09702167475931e-09,measured_local,1.0248400031998797,0.06037480464104261,300.0
abilene_trace,abilene_routing,12,12,1458,local_search,local,585,7.049605070349409,7.049605070349409,True,0.00023241702001541853,1308,300.0,0.0005341680326991859,,0.00023241702001541853,0.0,1.2414974234744344e-07,False,-1.2414974234744344e-07,measured_local,1.0248400031998797,0.06037480464104261,300.0
abilene_trace,abilene_routing,12,12,1458,annealing,local,593,9.053063814055221,7.049605070349409,True,0.0010557910427451134,960,300.0,0.0005341680326991859,,0.0010557910427451134,0.24888907296651375,5.639698242445793e-07,False,-0.248889636936338,measured_local,1.0248400031998797,0.06037480464104261,300.0
abilene_trace,abilene_routing,12,12,1458,mean_field,local,585,7.049605070349409,7.049605070349409,True,0.009350125095807016,104,300.0,0.0005341680326991859,,0.009350125095807016,0.0,4.994537927918521e-06,False,-4.994537927918521e-06,measured_local,1.0248400031998797,0.06037480464104261,300.0
abilene_trace,abilene_routing,12,12,1458,qaoa,optimistic,585,7.049605070349409,7.049605070349409,True,0.017706750077195466,96,300.0,0.0005341680326991859,0.0008103823463855282,1.2330400000000001,0.0,0.0006586505510394043,False,-0.0006586505510394043,modeled_qpu,1.0248400031998797,0.06037480464104261,300.0
abilene_trace,abilene_routing,12,12,1458,qaoa,nominal,585,7.049605070349409,7.049605070349409,True,0.017706750077195466,96,300.0,0.0005341680326991859,0.0008103823463855282,7.815200000000001,0.0,0.004174630009150678,False,-0.004174630009150678,modeled_qpu,1.0248400031998797,0.06037480464104261,300.0
abilene_trace,abilene_routing,12,12,1458,qaoa,stressed,585,7.049605070349409,7.049605070349409,True,0.017706750077195466,96,300.0,0.0005341680326991859,0.0008103823463855282,36.180800000000005,0.0,0.019326626757482708,False,-0.019326626757482708,modeled_qpu,1.0248400031998797,0.06037480464104261,300.0
abilene_trace,abilene_routing,12,12,1527,exact,local,585,7.222810291401456,7.222810291401456,True,9.33394767343998e-06,4096,300.0,0.00042368645738123515,,9.33394767343998e-06,0.0,3.954667223141607e-09,False,-3.954667223141607e-09,measured_local,0.8591398922696001,0.0,300.0
abilene_trace,abilene_routing,12,12,1527,local_search,local,649,7.222810291401456,7.222810291401456,True,0.00016033404972404242,1236,300.0,0.00042368645738123515,,0.00016033404972404242,0.0,6.793136552516633e-08,False,-6.793136552516633e-08,measured_local,0.8591398922696001,0.0,300.0
abilene_trace,abilene_routing,12,12,1527,annealing,local,1169,10.891057309173835,7.222810291401456,True,0.0012511659879237413,960,300.0,0.00042368645738123515,,0.0012511659879237413,0.44610624443181474,5.301020850193032e-07,False,-0.44610677453389974,measured_local,0.8494913152907462,0.0,300.0
abilene_trace,abilene_routing,12,12,1527,mean_field,local,649,7.222810291401456,7.222810291401456,True,0.008349208976142108,101,300.0,0.00042368645738123515,,0.008349208976142108,0.0,3.5374467730372592e-06,False,-3.5374467730372592e-06,measured_local,0.8591398922696001,0.0,300.0
abilene_trace,abilene_routing,12,12,1527,qaoa,optimistic,649,7.222810291401456,7.222810291401456,True,0.019469709019176662,91,300.0,0.00042368645738123515,0.002060603121193561,1.16934,0.0,0.0004954335220741735,False,-0.0004954335220741735,modeled_qpu,0.8591398922696001,0.0,300.0
abilene_trace,abilene_routing,12,12,1527,qaoa,nominal,649,7.222810291401456,7.222810291401456,True,0.019469709019176662,91,300.0,0.00042368645738123515,0.002060603121193561,7.434200000000001,0.0,0.0031497698614635786,False,-0.0031497698614635786,modeled_qpu,0.8591398922696001,0.0,300.0
abilene_trace,abilene_routing,12,12,1527,qaoa,stressed,649,7.222810291401456,7.222810291401456,True,0.019469709019176662,91,300.0,0.00042368645738123515,0.002060603121193561,34.5568,0.0,0.014641248170431867,False,-0.014641248170431867,modeled_qpu,0.8591398922696001,0.0,300.0
abilene_trace,abilene_routing,12,12,1597,exact,local,585,4.508389916998876,4.508389916998876,True,1.0582967661321163e-05,4096,300.0,0.0003393404939871767,,1.0582967661321163e-05,0.0,3.5912294740430398e-09,False,-3.5912294740430398e-09,measured_local,0.8378662653694138,0.0,300.0
abilene_trace,abilene_routing,12,12,1597,local_search,local,585,4.508389916998876,4.508389916998876,True,0.00015220791101455688,1140,300.0,0.0003393404939871767,,0.00015220791101455688,0.0,5.165030771243597e-08,False,-5.165030771243597e-08,measured_local,0.8378662653694138,0.0,300.0
abilene_trace,abilene_routing,12,12,1597,annealing,local,585,4.508389916998876,4.508389916998876,True,0.0011680410243570805,960,300.0,0.0003393404939871767,,0.0011680410243570805,0.0,3.9636361820261963e-07,False,-3.9636361820261963e-07,measured_local,0.8378662653694138,0.0,300.0
abilene_trace,abilene_routing,12,12,1597,mean_field,local,585,4.508389916998876,4.508389916998876,True,0.007750082993879914,98,300.0,0.0003393404939871767,,0.007750082993879914,0.0,2.6299169915848275e-06,False,-2.6299169915848275e-06,measured_local,0.8378662653694138,0.0,300.0
abilene_trace,abilene_routing,12,12,1597,qaoa,optimistic,2130,17.22476684357831,4.508389916998876,True,0.020280249998904765,107,300.0,0.0003393404939871767,0.0012932995822518938,1.37318,2.3085469834545895,0.00046597557953331135,False,-2.309012959034123,modeled_qpu,0.9776648629850486,0.0,300.0
abilene_trace,abilene_routing,12,12,1597,qaoa,nominal,2130,17.22476684357831,4.508389916998876,True,0.020280249998904765,107,300.0,0.0003393404939871767,0.0012932995822518938,8.6534,2.3085469834545895,0.002936449030668635,False,-2.3114834324852582,modeled_qpu,0.9776648629850486,0.0,300.0
abilene_trace,abilene_routing,12,12,1597,qaoa,stressed,2130,17.22476684357831,4.508389916998876,True,0.020280249998904765,107,300.0,0.0003393404939871767,0.0012932995822518938,39.753600000000006,2.3085469834545895,0.01349000626176863,False,-2.322036989716358,modeled_qpu,0.9776648629850486,0.0,300.0
abilene_trace,abilene_routing,12,12,1666,exact,local,585,6.280525941553172,6.280525941553172,True,1.0082963854074478e-05,4096,300.0,0.0004886822198060846,,1.0082963854074478e-05,0.0,4.927365158433631e-09,False,-4.927365158433631e-09,measured_local,0.9443561142990938,0.0,300.0
abilene_trace,abilene_routing,12,12,1666,local_search,local,585,6.280525941553172,6.280525941553172,True,0.00016200006939470768,1212,300.0,0.0004886822198060846,,0.00016200006939470768,0.0,7.91665535205455e-08,False,-7.91665535205455e-08,measured_local,0.9443561142990938,0.0,300.0
abilene_trace,abilene_routing,12,12,1666,annealing,local,585,6.280525941553172,6.280525941553172,True,0.001050541060976684,960,300.0,0.0004886822198060846,,0.001050541060976684,0.0,5.133807376755253e-07,False,-5.133807376755253e-07,measured_local,0.9443561142990938,0.0,300.0
abilene_trace,abilene_routing,12,12,1666,mean_field,local,1097,7.01248836378716,6.280525941553172,True,0.009135916945524514,101,300.0,0.0004886822198060846,,0.009135916945524514,0.10053702549926444,4.464560172902943e-06,False,-0.10054149005943734,measured_local,0.9443561142990938,0.0,300.0
abilene_trace,abilene_routing,12,12,1666,qaoa,optimistic,585,6.280525941553172,6.280525941553172,True,0.02630387502722442,105,300.0,0.0004886822198060846,0.0015562522526525705,1.3477000000000001,0.0,0.0006585970276326603,False,-0.0006585970276326603,modeled_qpu,0.9443561142990938,0.0,300.0
abilene_trace,abilene_routing,12,12,1666,qaoa,nominal,585,6.280525941553172,6.280525941553172,True,0.02630387502722442,105,300.0,0.0004886822198060846,0.0015562522526525705,8.501000000000001,0.0,0.004154287550571526,False,-0.004154287550571526,modeled_qpu,0.9443561142990938,0.0,300.0
abilene_trace,abilene_routing,12,12,1666,qaoa,stressed,585,6.280525941553172,6.280525941553172,True,0.02630387502722442,105,300.0,0.0004886822198060846,0.0015562522526525705,39.104000000000006,0.0,0.019109429523297135,False,-0.019109429523297135,modeled_qpu,0.9443561142990938,0.0,300.0
abilene_trace,abilene_routing,12,12,1736,exact,local,585,5.959118070085949,5.959118070085949,True,1.0958989150822163e-05,4096,300.0,0.000793778571265186,,1.0958989150822163e-05,0.0,8.69901075065029e-09,False,-8.69901075065029e-09,measured_local,1.0010173917693928,0.001361638535141596,300.0
abilene_trace,abilene_routing,12,12,1736,local_search,local,585,5.959118070085949,5.959118070085949,True,0.00025208399165421724,1440,300.0,0.000793778571265186,,0.00025208399165421724,0.0,2.0009887073410961e-07,False,-2.0009887073410961e-07,measured_local,1.0010173917693928,0.001361638535141596,300.0
abilene_trace,abilene_routing,12,12,1736,annealing,local,585,5.959118070085949,5.959118070085949,True,0.0015432919608429074,960,300.0,0.000793778571265186,,0.0015432919608429074,0.0,1.2250320877229303e-06,False,-1.2250320877229303e-06,measured_local,1.0010173917693928,0.001361638535141596,300.0
abilene_trace,abilene_routing,12,12,1736,mean_field,local,585,5.959118070085949,5.959118070085949,True,0.007933499990031123,92,300.0,0.000793778571265186,,0.007933499990031123,0.0,6.297442287219272e-06,False,-6.297442287219272e-06,measured_local,1.0010173917693928,0.001361638535141596,300.0
abilene_trace,abilene_routing,12,12,1736,qaoa,optimistic,649,5.959118070085949,5.959118070085949,True,0.022023750003427267,123,300.0,0.000793778571265186,0.004416078825258839,1.57702,0.0,0.0012518046824566236,False,-0.0012518046824566236,modeled_qpu,1.0010173917693928,0.001361638535141596,300.0
abilene_trace,abilene_routing,12,12,1736,qaoa,nominal,649,5.959118070085949,5.959118070085949,True,0.022023750003427267,123,300.0,0.000793778571265186,0.004416078825258839,9.8726,0.0,0.007836658322672675,False,-0.007836658322672675,modeled_qpu,1.0010173917693928,0.001361638535141596,300.0
abilene_trace,abilene_routing,12,12,1736,qaoa,stressed,649,5.959118070085949,5.959118070085949,True,0.022023750003427267,123,300.0,0.000793778571265186,0.004416078825258839,44.9504,0.0,0.035680664289798616,False,-0.035680664289798616,modeled_qpu,1.0010173917693928,0.001361638535141596,300.0
abilene_trace,abilene_routing,12,12,1805,exact,local,585,5.219124931477399,5.219124931477399,True,1.1625001206994057e-05,4096,300.0,0.000122669927153254,,1.1625001206994057e-05,0.0,1.4260380512184507e-09,False,-1.4260380512184507e-09,measured_local,0.9592449175756577,0.0,300.0
abilene_trace,abilene_routing,12,12,1805,local_search,local,585,5.219124931477399,5.219124931477399,True,0.00016541697550565004,1212,300.0,0.000122669927153254,,0.00016541697550565004,0.0,2.029168833518969e-08,False,-2.029168833518969e-08,measured_local,0.9592449175756577,0.0,300.0
abilene_trace,abilene_routing,12,12,1805,annealing,local,1162,21.070282441016488,5.219124931477399,False,0.0010712080402299762,960,300.0,0.000122669927153254,,0.0010712080402299762,2.5487761838181195,1.3140501226099115e-07,False,-7.548776315223132,measured_local,1.249339204942174,0.548546250872783,300.0
abilene_trace,abilene_routing,12,12,1805,mean_field,local,585,5.219124931477399,5.219124931477399,True,0.007403459050692618,92,300.0,0.000122669927153254,,0.007403459050692618,0.0,9.081817824305624e-07,False,-9.081817824305624e-07,measured_local,0.9592449175756577,0.0,300.0
abilene_trace,abilene_routing,12,12,1805,qaoa,optimistic,585,5.219124931477399,5.219124931477399,True,0.01881295908242464,104,300.0,0.000122669927153254,0.001175524683037815,1.3349600000000001,0.0,0.00016375944595250797,False,-0.00016375944595250797,modeled_qpu,0.9592449175756577,0.0,300.0
abilene_trace,abilene_routing,12,12,1805,qaoa,nominal,585,5.219124931477399,5.219124931477399,True,0.01881295908242464,104,300.0,0.000122669927153254,0.001175524683037815,8.424800000000001,0.0,0.0010334696022807344,False,-0.0010334696022807344,modeled_qpu,0.9592449175756577,0.0,300.0
abilene_trace,abilene_routing,12,12,1805,qaoa,stressed,585,5.219124931477399,5.219124931477399,True,0.01881295908242464,104,300.0,0.000122669927153254,0.001175524683037815,38.7792,0.0,0.004757041639061468,False,-0.004757041639061468,modeled_qpu,0.9592449175756577,0.0,300.0
abilene_trace,abilene_routing,12,12,1875,exact,local,585,6.136200103928488,6.136200103928488,True,8.375034667551517e-06,4096,300.0,0.00030851208687524435,,8.375034667551517e-06,0.0,2.583799422938837e-09,False,-2.583799422938837e-09,measured_local,0.9606693579045884,0.0,300.0
abilene_trace,abilene_routing,12,12,1875,local_search,local,585,6.136200103928488,6.136200103928488,True,0.0001723750028759241,1344,300.0,0.00030851208687524435,,0.0001723750028759241,0.0,5.317977186237759e-08,False,-5.317977186237759e-08,measured_local,0.9606693579045884,0.0,300.0
abilene_trace,abilene_routing,12,12,1875,annealing,local,585,6.136200103928488,6.136200103928488,True,0.0010637500090524554,960,300.0,0.00030851208687524435,,0.0010637500090524554,0.0,3.281797352063331e-07,False,-3.281797352063331e-07,measured_local,0.9606693579045884,0.0,300.0
abilene_trace,abilene_routing,12,12,1875,mean_field,local,585,6.136200103928488,6.136200103928488,True,0.007459999993443489,91,300.0,0.00030851208687524435,,0.007459999993443489,0.0,2.30150016606656e-06,False,-2.30150016606656e-06,measured_local,0.9606693579045884,0.0,300.0
abilene_trace,abilene_routing,12,12,1875,qaoa,optimistic,585,6.136200103928488,6.136200103928488,True,0.022749625029973686,126,300.0,0.00030851208687524435,0.0023157143595682918,1.6152400000000002,0.0,0.0004983210632043697,False,-0.0004983210632043697,modeled_qpu,0.9606693579045884,0.0,300.0
abilene_trace,abilene_routing,12,12,1875,qaoa,nominal,585,6.136200103928488,6.136200103928488,True,0.022749625029973686,126,300.0,0.00030851208687524435,0.0023157143595682918,10.1012,0.0,0.003116342291944218,False,-0.003116342291944218,modeled_qpu,0.9606693579045884,0.0,300.0
abilene_trace,abilene_routing,12,12,1875,qaoa,stressed,585,6.136200103928488,6.136200103928488,True,0.022749625029973686,126,300.0,0.00030851208687524435,0.0023157143595682918,45.924800000000005,0.0,0.014168355887328224,False,-0.014168355887328224,modeled_qpu,0.9606693579045884,0.0,300.0
abilene_trace,abilene_routing,12,12,1944,exact,local,585,5.751888238597817,5.751888238597817,True,7.999944500625134e-06,4096,300.0,0.0004667561605485529,,7.999944500625134e-06,0.0,3.734023379713298e-09,False,-3.734023379713298e-09,measured_local,1.033406670354753,0.04513047764195366,300.0
abilene_trace,abilene_routing,12,12,1944,local_search,local,585,5.751888238597817,5.751888238597817,True,0.00017391610890626907,1332,300.0,0.0004667561605485529,,0.00017391610890626907,0.0,8.117641525063413e-08,False,-8.117641525063413e-08,measured_local,1.033406670354753,0.04513047764195366,300.0
abilene_trace,abilene_routing,12,12,1944,annealing,local,585,5.751888238597817,5.751888238597817,True,0.0010116250487044454,960,300.0,0.0004667561605485529,,0.0010116250487044454,0.0,4.7218222364802976e-07,False,-4.7218222364802976e-07,measured_local,1.033406670354753,0.04513047764195366,300.0
abilene_trace,abilene_routing,12,12,1944,mean_field,local,585,5.751888238597817,5.751888238597817,True,0.007724459050223231,96,300.0,0.0004667561605485529,,0.007724459050223231,0.0,3.605438848596717e-06,False,-3.605438848596717e-06,measured_local,1.033406670354753,0.04513047764195366,300.0
abilene_trace,abilene_routing,12,12,1944,qaoa,optimistic,585,5.751888238597817,5.751888238597817,True,0.022134041995741427,120,300.0,0.0004667561605485529,0.004131391875929577,1.5388000000000002,0.0,0.0007182443798521132,False,-0.0007182443798521132,modeled_qpu,1.033406670354753,0.04513047764195366,300.0
abilene_trace,abilene_routing,12,12,1944,qaoa,nominal,585,5.751888238597817,5.751888238597817,True,0.022134041995741427,120,300.0,0.0004667561605485529,0.004131391875929577,9.644,0.0,0.004501396412330244,False,-0.004501396412330244,modeled_qpu,1.033406670354753,0.04513047764195366,300.0
abilene_trace,abilene_routing,12,12,1944,qaoa,stressed,585,5.751888238597817,5.751888238597817,True,0.022134041995741427,120,300.0,0.0004667561605485529,0.004131391875929577,43.976000000000006,0.0,0.020526068916283165,False,-0.020526068916283165,modeled_qpu,1.033406670354753,0.04513047764195366,300.0
abilene_trace,abilene_routing,12,12,2014,exact,local,585,6.91497446714061,6.91497446714061,True,9.541050530970097e-06,4096,300.0,0.00037107638658254914,,9.541050530970097e-06,0.0,3.5404585552338955e-09,False,-3.5404585552338955e-09,measured_local,1.0462072503439386,0.06512957798691876,300.0
abilene_trace,abilene_routing,12,12,2014,local_search,local,649,6.91497446714061,6.91497446714061,True,0.0002007919829338789,1572,300.0,0.00037107638658254914,,0.0002007919829338789,0.0,7.450916348184866e-08,False,-7.450916348184866e-08,measured_local,1.0462072503439386,0.06512957798691876,300.0
abilene_trace,abilene_routing,12,12,2014,annealing,local,585,6.91497446714061,6.91497446714061,True,0.0010319170542061329,960,300.0,0.00037107638658254914,,0.0010319170542061329,0.0,3.8292005172772027e-07,False,-3.8292005172772027e-07,measured_local,1.0462072503439386,0.06512957798691876,300.0
abilene_trace,abilene_routing,12,12,2014,mean_field,local,649,6.91497446714061,6.91497446714061,True,0.00772220897488296,93,300.0,0.00037107638658254914,,0.00772220897488296,0.0,2.8655294028349e-06,False,-2.8655294028349e-06,measured_local,1.0462072503439386,0.06512957798691876,300.0
abilene_trace,abilene_routing,12,12,2014,qaoa,optimistic,585,6.91497446714061,6.91497446714061,True,0.022402375005185604,124,300.0,0.00037107638658254914,0.004267440050691122,1.5897600000000003,0.0,0.0005899223963334734,False,-0.0005899223963334734,modeled_qpu,1.0462072503439386,0.06512957798691876,300.0
abilene_trace,abilene_routing,12,12,2014,qaoa,nominal,585,6.91497446714061,6.91497446714061,True,0.022402375005185604,124,300.0,0.00037107638658254914,0.004267440050691122,9.9488,0.0,0.003691764754832465,False,-0.003691764754832465,modeled_qpu,1.0462072503439386,0.06512957798691876,300.0
abilene_trace,abilene_routing,12,12,2014,qaoa,stressed,585,6.91497446714061,6.91497446714061,True,0.022402375005185604,124,300.0,0.00037107638658254914,0.004267440050691122,45.275200000000005,0.0,0.01680055761780223,False,-0.01680055761780223,modeled_qpu,1.0462072503439386,0.06512957798691876,300.0
